:0200000460009A
:100000004643464200000156000000000103030081
:1000100000000000000000000000000000000000E0
:1000200000000000000000000000000000000000D0
:1000300000000000000000000000000000000000C0
:1000400000000000010408000000000000000000A3
:100050000000800000000000000000000000000020
:100060000000000000000000000000000000000090
:100070000000000000000000000000000000000080
:10008000EB04180A063204260000000000000000FD
:10009000050404240000000000000000000000002F
:1000A0000000000000000000000000000000000050
:1000B0000604000000000000000000000000000036
:1000C0000000000000000000000000000000000030
:1000D00020041808000000000000000000000000DC
:1000E0000000000000000000000000000000000010
:1000F0000000000000000000000000000000000000
:10010000D8041808000000000000000000000000F3
:100110000204180804200000000000000000000095
:1001200000000000000000000000000000000000CF
:10013000600400000000000000000000000000005B
:1001400000000000000000000000000000000000AF
:10015000000000000000000000000000000000009F
:10016000000000000000000000000000000000008F
:10017000000000000000000000000000000000007F
:10018000000000000000000000000000000000006F
:10019000000000000000000000000000000000005F
:1001A000000000000000000000000000000000004F
:1001B000000000000000000000000000000000003F
:1001C000000100000010000001000000000000001D
:1001D000000001000000000000000000000000001E
:1001E000000000000000000000000000000000000F
:1001F00000000000000000000000000000000000FF
:10020000FFFFFFFFFFFFFFFFFFFFFFFFFFFFFFFFFE
:10021000FFFFFFFFFFFFFFFFFFFFFFFFFFFFFFFFEE
:10022000FFFFFFFFFFFFFFFFFFFFFFFFFFFFFFFFDE
:10023000FFFFFFFFFFFFFFFFFFFFFFFFFFFFFFFFCE
:10024000FFFFFFFFFFFFFFFFFFFFFFFFFFFFFFFFBE
:10025000FFFFFFFFFFFFFFFFFFFFFFFFFFFFFFFFAE
:10026000FFFFFFFFFFFFFFFFFFFFFFFFFFFFFFFF9E
:10027000FFFFFFFFFFFFFFFFFFFFFFFFFFFFFFFF8E
:10028000FFFFFFFFFFFFFFFFFFFFFFFFFFFFFFFF7E
:10029000FFFFFFFFFFFFFFFFFFFFFFFFFFFFFFFF6E
:1002A000FFFFFFFFFFFFFFFFFFFFFFFFFFFFFFFF5E
:1002B000FFFFFFFFFFFFFFFFFFFFFFFFFFFFFFFF4E
:1002C000FFFFFFFFFFFFFFFFFFFFFFFFFFFFFFFF3E
:1002D000FFFFFFFFFFFFFFFFFFFFFFFFFFFFFFFF2E
:1002E000FFFFFFFFFFFFFFFFFFFFFFFFFFFFFFFF1E
:1002F000FFFFFFFFFFFFFFFFFFFFFFFFFFFFFFFF0E
:10030000FFFFFFFFFFFFFFFFFFFFFFFFFFFFFFFFFD
:10031000FFFFFFFFFFFFFFFFFFFFFFFFFFFFFFFFED
:10032000FFFFFFFFFFFFFFFFFFFFFFFFFFFFFFFFDD
:10033000FFFFFFFFFFFFFFFFFFFFFFFFFFFFFFFFCD
:10034000FFFFFFFFFFFFFFFFFFFFFFFFFFFFFFFFBD
:10035000FFFFFFFFFFFFFFFFFFFFFFFFFFFFFFFFAD
:10036000FFFFFFFFFFFFFFFFFFFFFFFFFFFFFFFF9D
:10037000FFFFFFFFFFFFFFFFFFFFFFFFFFFFFFFF8D
:10038000FFFFFFFFFFFFFFFFFFFFFFFFFFFFFFFF7D
:10039000FFFFFFFFFFFFFFFFFFFFFFFFFFFFFFFF6D
:1003A000FFFFFFFFFFFFFFFFFFFFFFFFFFFFFFFF5D
:1003B000FFFFFFFFFFFFFFFFFFFFFFFFFFFFFFFF4D
:1003C000FFFFFFFFFFFFFFFFFFFFFFFFFFFFFFFF3D
:1003D000FFFFFFFFFFFFFFFFFFFFFFFFFFFFFFFF2D
:1003E000FFFFFFFFFFFFFFFFFFFFFFFFFFFFFFFF1D
:1003F000FFFFFFFFFFFFFFFFFFFFFFFFFFFFFFFF0D
:10040000FFFFFFFFFFFFFFFFFFFFFFFFFFFFFFFFFC
:10041000FFFFFFFFFFFFFFFFFFFFFFFFFFFFFFFFEC
:10042000FFFFFFFFFFFFFFFFFFFFFFFFFFFFFFFFDC
:10043000FFFFFFFFFFFFFFFFFFFFFFFFFFFFFFFFCC
:10044000FFFFFFFFFFFFFFFFFFFFFFFFFFFFFFFFBC
:10045000FFFFFFFFFFFFFFFFFFFFFFFFFFFFFFFFAC
:10046000FFFFFFFFFFFFFFFFFFFFFFFFFFFFFFFF9C
:10047000FFFFFFFFFFFFFFFFFFFFFFFFFFFFFFFF8C
:10048000FFFFFFFFFFFFFFFFFFFFFFFFFFFFFFFF7C
:10049000FFFFFFFFFFFFFFFFFFFFFFFFFFFFFFFF6C
:1004A000FFFFFFFFFFFFFFFFFFFFFFFFFFFFFFFF5C
:1004B000FFFFFFFFFFFFFFFFFFFFFFFFFFFFFFFF4C
:1004C000FFFFFFFFFFFFFFFFFFFFFFFFFFFFFFFF3C
:1004D000FFFFFFFFFFFFFFFFFFFFFFFFFFFFFFFF2C
:1004E000FFFFFFFFFFFFFFFFFFFFFFFFFFFFFFFF1C
:1004F000FFFFFFFFFFFFFFFFFFFFFFFFFFFFFFFF0C
:10050000FFFFFFFFFFFFFFFFFFFFFFFFFFFFFFFFFB
:10051000FFFFFFFFFFFFFFFFFFFFFFFFFFFFFFFFEB
:10052000FFFFFFFFFFFFFFFFFFFFFFFFFFFFFFFFDB
:10053000FFFFFFFFFFFFFFFFFFFFFFFFFFFFFFFFCB
:10054000FFFFFFFFFFFFFFFFFFFFFFFFFFFFFFFFBB
:10055000FFFFFFFFFFFFFFFFFFFFFFFFFFFFFFFFAB
:10056000FFFFFFFFFFFFFFFFFFFFFFFFFFFFFFFF9B
:10057000FFFFFFFFFFFFFFFFFFFFFFFFFFFFFFFF8B
:10058000FFFFFFFFFFFFFFFFFFFFFFFFFFFFFFFF7B
:10059000FFFFFFFFFFFFFFFFFFFFFFFFFFFFFFFF6B
:1005A000FFFFFFFFFFFFFFFFFFFFFFFFFFFFFFFF5B
:1005B000FFFFFFFFFFFFFFFFFFFFFFFFFFFFFFFF4B
:1005C000FFFFFFFFFFFFFFFFFFFFFFFFFFFFFFFF3B
:1005D000FFFFFFFFFFFFFFFFFFFFFFFFFFFFFFFF2B
:1005E000FFFFFFFFFFFFFFFFFFFFFFFFFFFFFFFF1B
:1005F000FFFFFFFFFFFFFFFFFFFFFFFFFFFFFFFF0B
:10060000FFFFFFFFFFFFFFFFFFFFFFFFFFFFFFFFFA
:10061000FFFFFFFFFFFFFFFFFFFFFFFFFFFFFFFFEA
:10062000FFFFFFFFFFFFFFFFFFFFFFFFFFFFFFFFDA
:10063000FFFFFFFFFFFFFFFFFFFFFFFFFFFFFFFFCA
:10064000FFFFFFFFFFFFFFFFFFFFFFFFFFFFFFFFBA
:10065000FFFFFFFFFFFFFFFFFFFFFFFFFFFFFFFFAA
:10066000FFFFFFFFFFFFFFFFFFFFFFFFFFFFFFFF9A
:10067000FFFFFFFFFFFFFFFFFFFFFFFFFFFFFFFF8A
:10068000FFFFFFFFFFFFFFFFFFFFFFFFFFFFFFFF7A
:10069000FFFFFFFFFFFFFFFFFFFFFFFFFFFFFFFF6A
:1006A000FFFFFFFFFFFFFFFFFFFFFFFFFFFFFFFF5A
:1006B000FFFFFFFFFFFFFFFFFFFFFFFFFFFFFFFF4A
:1006C000FFFFFFFFFFFFFFFFFFFFFFFFFFFFFFFF3A
:1006D000FFFFFFFFFFFFFFFFFFFFFFFFFFFFFFFF2A
:1006E000FFFFFFFFFFFFFFFFFFFFFFFFFFFFFFFF1A
:1006F000FFFFFFFFFFFFFFFFFFFFFFFFFFFFFFFF0A
:10070000FFFFFFFFFFFFFFFFFFFFFFFFFFFFFFFFF9
:10071000FFFFFFFFFFFFFFFFFFFFFFFFFFFFFFFFE9
:10072000FFFFFFFFFFFFFFFFFFFFFFFFFFFFFFFFD9
:10073000FFFFFFFFFFFFFFFFFFFFFFFFFFFFFFFFC9
:10074000FFFFFFFFFFFFFFFFFFFFFFFFFFFFFFFFB9
:10075000FFFFFFFFFFFFFFFFFFFFFFFFFFFFFFFFA9
:10076000FFFFFFFFFFFFFFFFFFFFFFFFFFFFFFFF99
:10077000FFFFFFFFFFFFFFFFFFFFFFFFFFFFFFFF89
:10078000FFFFFFFFFFFFFFFFFFFFFFFFFFFFFFFF79
:10079000FFFFFFFFFFFFFFFFFFFFFFFFFFFFFFFF69
:1007A000FFFFFFFFFFFFFFFFFFFFFFFFFFFFFFFF59
:1007B000FFFFFFFFFFFFFFFFFFFFFFFFFFFFFFFF49
:1007C000FFFFFFFFFFFFFFFFFFFFFFFFFFFFFFFF39
:1007D000FFFFFFFFFFFFFFFFFFFFFFFFFFFFFFFF29
:1007E000FFFFFFFFFFFFFFFFFFFFFFFFFFFFFFFF19
:1007F000FFFFFFFFFFFFFFFFFFFFFFFFFFFFFFFF09
:10080000FFFFFFFFFFFFFFFFFFFFFFFFFFFFFFFFF8
:10081000FFFFFFFFFFFFFFFFFFFFFFFFFFFFFFFFE8
:10082000FFFFFFFFFFFFFFFFFFFFFFFFFFFFFFFFD8
:10083000FFFFFFFFFFFFFFFFFFFFFFFFFFFFFFFFC8
:10084000FFFFFFFFFFFFFFFFFFFFFFFFFFFFFFFFB8
:10085000FFFFFFFFFFFFFFFFFFFFFFFFFFFFFFFFA8
:10086000FFFFFFFFFFFFFFFFFFFFFFFFFFFFFFFF98
:10087000FFFFFFFFFFFFFFFFFFFFFFFFFFFFFFFF88
:10088000FFFFFFFFFFFFFFFFFFFFFFFFFFFFFFFF78
:10089000FFFFFFFFFFFFFFFFFFFFFFFFFFFFFFFF68
:1008A000FFFFFFFFFFFFFFFFFFFFFFFFFFFFFFFF58
:1008B000FFFFFFFFFFFFFFFFFFFFFFFFFFFFFFFF48
:1008C000FFFFFFFFFFFFFFFFFFFFFFFFFFFFFFFF38
:1008D000FFFFFFFFFFFFFFFFFFFFFFFFFFFFFFFF28
:1008E000FFFFFFFFFFFFFFFFFFFFFFFFFFFFFFFF18
:1008F000FFFFFFFFFFFFFFFFFFFFFFFFFFFFFFFF08
:10090000FFFFFFFFFFFFFFFFFFFFFFFFFFFFFFFFF7
:10091000FFFFFFFFFFFFFFFFFFFFFFFFFFFFFFFFE7
:10092000FFFFFFFFFFFFFFFFFFFFFFFFFFFFFFFFD7
:10093000FFFFFFFFFFFFFFFFFFFFFFFFFFFFFFFFC7
:10094000FFFFFFFFFFFFFFFFFFFFFFFFFFFFFFFFB7
:10095000FFFFFFFFFFFFFFFFFFFFFFFFFFFFFFFFA7
:10096000FFFFFFFFFFFFFFFFFFFFFFFFFFFFFFFF97
:10097000FFFFFFFFFFFFFFFFFFFFFFFFFFFFFFFF87
:10098000FFFFFFFFFFFFFFFFFFFFFFFFFFFFFFFF77
:10099000FFFFFFFFFFFFFFFFFFFFFFFFFFFFFFFF67
:1009A000FFFFFFFFFFFFFFFFFFFFFFFFFFFFFFFF57
:1009B000FFFFFFFFFFFFFFFFFFFFFFFFFFFFFFFF47
:1009C000FFFFFFFFFFFFFFFFFFFFFFFFFFFFFFFF37
:1009D000FFFFFFFFFFFFFFFFFFFFFFFFFFFFFFFF27
:1009E000FFFFFFFFFFFFFFFFFFFFFFFFFFFFFFFF17
:1009F000FFFFFFFFFFFFFFFFFFFFFFFFFFFFFFFF07
:100A0000FFFFFFFFFFFFFFFFFFFFFFFFFFFFFFFFF6
:100A1000FFFFFFFFFFFFFFFFFFFFFFFFFFFFFFFFE6
:100A2000FFFFFFFFFFFFFFFFFFFFFFFFFFFFFFFFD6
:100A3000FFFFFFFFFFFFFFFFFFFFFFFFFFFFFFFFC6
:100A4000FFFFFFFFFFFFFFFFFFFFFFFFFFFFFFFFB6
:100A5000FFFFFFFFFFFFFFFFFFFFFFFFFFFFFFFFA6
:100A6000FFFFFFFFFFFFFFFFFFFFFFFFFFFFFFFF96
:100A7000FFFFFFFFFFFFFFFFFFFFFFFFFFFFFFFF86
:100A8000FFFFFFFFFFFFFFFFFFFFFFFFFFFFFFFF76
:100A9000FFFFFFFFFFFFFFFFFFFFFFFFFFFFFFFF66
:100AA000FFFFFFFFFFFFFFFFFFFFFFFFFFFFFFFF56
:100AB000FFFFFFFFFFFFFFFFFFFFFFFFFFFFFFFF46
:100AC000FFFFFFFFFFFFFFFFFFFFFFFFFFFFFFFF36
:100AD000FFFFFFFFFFFFFFFFFFFFFFFFFFFFFFFF26
:100AE000FFFFFFFFFFFFFFFFFFFFFFFFFFFFFFFF16
:100AF000FFFFFFFFFFFFFFFFFFFFFFFFFFFFFFFF06
:100B0000FFFFFFFFFFFFFFFFFFFFFFFFFFFFFFFFF5
:100B1000FFFFFFFFFFFFFFFFFFFFFFFFFFFFFFFFE5
:100B2000FFFFFFFFFFFFFFFFFFFFFFFFFFFFFFFFD5
:100B3000FFFFFFFFFFFFFFFFFFFFFFFFFFFFFFFFC5
:100B4000FFFFFFFFFFFFFFFFFFFFFFFFFFFFFFFFB5
:100B5000FFFFFFFFFFFFFFFFFFFFFFFFFFFFFFFFA5
:100B6000FFFFFFFFFFFFFFFFFFFFFFFFFFFFFFFF95
:100B7000FFFFFFFFFFFFFFFFFFFFFFFFFFFFFFFF85
:100B8000FFFFFFFFFFFFFFFFFFFFFFFFFFFFFFFF75
:100B9000FFFFFFFFFFFFFFFFFFFFFFFFFFFFFFFF65
:100BA000FFFFFFFFFFFFFFFFFFFFFFFFFFFFFFFF55
:100BB000FFFFFFFFFFFFFFFFFFFFFFFFFFFFFFFF45
:100BC000FFFFFFFFFFFFFFFFFFFFFFFFFFFFFFFF35
:100BD000FFFFFFFFFFFFFFFFFFFFFFFFFFFFFFFF25
:100BE000FFFFFFFFFFFFFFFFFFFFFFFFFFFFFFFF15
:100BF000FFFFFFFFFFFFFFFFFFFFFFFFFFFFFFFF05
:100C0000FFFFFFFFFFFFFFFFFFFFFFFFFFFFFFFFF4
:100C1000FFFFFFFFFFFFFFFFFFFFFFFFFFFFFFFFE4
:100C2000FFFFFFFFFFFFFFFFFFFFFFFFFFFFFFFFD4
:100C3000FFFFFFFFFFFFFFFFFFFFFFFFFFFFFFFFC4
:100C4000FFFFFFFFFFFFFFFFFFFFFFFFFFFFFFFFB4
:100C5000FFFFFFFFFFFFFFFFFFFFFFFFFFFFFFFFA4
:100C6000FFFFFFFFFFFFFFFFFFFFFFFFFFFFFFFF94
:100C7000FFFFFFFFFFFFFFFFFFFFFFFFFFFFFFFF84
:100C8000FFFFFFFFFFFFFFFFFFFFFFFFFFFFFFFF74
:100C9000FFFFFFFFFFFFFFFFFFFFFFFFFFFFFFFF64
:100CA000FFFFFFFFFFFFFFFFFFFFFFFFFFFFFFFF54
:100CB000FFFFFFFFFFFFFFFFFFFFFFFFFFFFFFFF44
:100CC000FFFFFFFFFFFFFFFFFFFFFFFFFFFFFFFF34
:100CD000FFFFFFFFFFFFFFFFFFFFFFFFFFFFFFFF24
:100CE000FFFFFFFFFFFFFFFFFFFFFFFFFFFFFFFF14
:100CF000FFFFFFFFFFFFFFFFFFFFFFFFFFFFFFFF04
:100D0000FFFFFFFFFFFFFFFFFFFFFFFFFFFFFFFFF3
:100D1000FFFFFFFFFFFFFFFFFFFFFFFFFFFFFFFFE3
:100D2000FFFFFFFFFFFFFFFFFFFFFFFFFFFFFFFFD3
:100D3000FFFFFFFFFFFFFFFFFFFFFFFFFFFFFFFFC3
:100D4000FFFFFFFFFFFFFFFFFFFFFFFFFFFFFFFFB3
:100D5000FFFFFFFFFFFFFFFFFFFFFFFFFFFFFFFFA3
:100D6000FFFFFFFFFFFFFFFFFFFFFFFFFFFFFFFF93
:100D7000FFFFFFFFFFFFFFFFFFFFFFFFFFFFFFFF83
:100D8000FFFFFFFFFFFFFFFFFFFFFFFFFFFFFFFF73
:100D9000FFFFFFFFFFFFFFFFFFFFFFFFFFFFFFFF63
:100DA000FFFFFFFFFFFFFFFFFFFFFFFFFFFFFFFF53
:100DB000FFFFFFFFFFFFFFFFFFFFFFFFFFFFFFFF43
:100DC000FFFFFFFFFFFFFFFFFFFFFFFFFFFFFFFF33
:100DD000FFFFFFFFFFFFFFFFFFFFFFFFFFFFFFFF23
:100DE000FFFFFFFFFFFFFFFFFFFFFFFFFFFFFFFF13
:100DF000FFFFFFFFFFFFFFFFFFFFFFFFFFFFFFFF03
:100E0000FFFFFFFFFFFFFFFFFFFFFFFFFFFFFFFFF2
:100E1000FFFFFFFFFFFFFFFFFFFFFFFFFFFFFFFFE2
:100E2000FFFFFFFFFFFFFFFFFFFFFFFFFFFFFFFFD2
:100E3000FFFFFFFFFFFFFFFFFFFFFFFFFFFFFFFFC2
:100E4000FFFFFFFFFFFFFFFFFFFFFFFFFFFFFFFFB2
:100E5000FFFFFFFFFFFFFFFFFFFFFFFFFFFFFFFFA2
:100E6000FFFFFFFFFFFFFFFFFFFFFFFFFFFFFFFF92
:100E7000FFFFFFFFFFFFFFFFFFFFFFFFFFFFFFFF82
:100E8000FFFFFFFFFFFFFFFFFFFFFFFFFFFFFFFF72
:100E9000FFFFFFFFFFFFFFFFFFFFFFFFFFFFFFFF62
:100EA000FFFFFFFFFFFFFFFFFFFFFFFFFFFFFFFF52
:100EB000FFFFFFFFFFFFFFFFFFFFFFFFFFFFFFFF42
:100EC000FFFFFFFFFFFFFFFFFFFFFFFFFFFFFFFF32
:100ED000FFFFFFFFFFFFFFFFFFFFFFFFFFFFFFFF22
:100EE000FFFFFFFFFFFFFFFFFFFFFFFFFFFFFFFF12
:100EF000FFFFFFFFFFFFFFFFFFFFFFFFFFFFFFFF02
:100F0000FFFFFFFFFFFFFFFFFFFFFFFFFFFFFFFFF1
:100F1000FFFFFFFFFFFFFFFFFFFFFFFFFFFFFFFFE1
:100F2000FFFFFFFFFFFFFFFFFFFFFFFFFFFFFFFFD1
:100F3000FFFFFFFFFFFFFFFFFFFFFFFFFFFFFFFFC1
:100F4000FFFFFFFFFFFFFFFFFFFFFFFFFFFFFFFFB1
:100F5000FFFFFFFFFFFFFFFFFFFFFFFFFFFFFFFFA1
:100F6000FFFFFFFFFFFFFFFFFFFFFFFFFFFFFFFF91
:100F7000FFFFFFFFFFFFFFFFFFFFFFFFFFFFFFFF81
:100F8000FFFFFFFFFFFFFFFFFFFFFFFFFFFFFFFF71
:100F9000FFFFFFFFFFFFFFFFFFFFFFFFFFFFFFFF61
:100FA000FFFFFFFFFFFFFFFFFFFFFFFFFFFFFFFF51
:100FB000FFFFFFFFFFFFFFFFFFFFFFFFFFFFFFFF41
:100FC000FFFFFFFFFFFFFFFFFFFFFFFFFFFFFFFF31
:100FD000FFFFFFFFFFFFFFFFFFFFFFFFFFFFFFFF21
:100FE000FFFFFFFFFFFFFFFFFFFFFFFFFFFFFFFF11
:100FF000FFFFFFFFFFFFFFFFFFFFFFFFFFFFFFFF01
:10100000D10020434D1600600000000000000000E9
:10101000201000600010006000B8006000000000B8
:101020000000006000C4000000000000FFFFFFFFA0
:10103000FFFFFFFFFFFFFFFFFFFFFFFFFFFFFFFFC0
:10104000FFFFFFFFFFFFFFFFFFFFFFFFFFFFFFFFB0
:10105000FFFFFFFFFFFFFFFFFFFFFFFFFFFFFFFFA0
:10106000FFFFFFFFFFFFFFFFFFFFFFFFFFFFFFFF90
:10107000FFFFFFFFFFFFFFFFFFFFFFFFFFFFFFFF80
:10108000FFFFFFFFFFFFFFFFFFFFFFFFFFFFFFFF70
:10109000FFFFFFFFFFFFFFFFFFFFFFFFFFFFFFFF60
:1010A000FFFFFFFFFFFFFFFFFFFFFFFFFFFFFFFF50
:1010B000FFFFFFFFFFFFFFFFFFFFFFFFFFFFFFFF40
:1010C000FFFFFFFFFFFFFFFFFFFFFFFFFFFFFFFF30
:1010D000FFFFFFFFFFFFFFFFFFFFFFFFFFFFFFFF20
:1010E000FFFFFFFFFFFFFFFFFFFFFFFFFFFFFFFF10
:1010F000FFFFFFFFFFFFFFFFFFFFFFFFFFFFFFFF00
:10110000FFFFFFFFFFFFFFFFFFFFFFFFFFFFFFFFEF
:10111000FFFFFFFFFFFFFFFFFFFFFFFFFFFFFFFFDF
:10112000FFFFFFFFFFFFFFFFFFFFFFFFFFFFFFFFCF
:10113000FFFFFFFFFFFFFFFFFFFFFFFFFFFFFFFFBF
:10114000FFFFFFFFFFFFFFFFFFFFFFFFFFFFFFFFAF
:10115000FFFFFFFFFFFFFFFFFFFFFFFFFFFFFFFF9F
:10116000FFFFFFFFFFFFFFFFFFFFFFFFFFFFFFFF8F
:10117000FFFFFFFFFFFFFFFFFFFFFFFFFFFFFFFF7F
:10118000FFFFFFFFFFFFFFFFFFFFFFFFFFFFFFFF6F
:10119000FFFFFFFFFFFFFFFFFFFFFFFFFFFFFFFF5F
:1011A000FFFFFFFFFFFFFFFFFFFFFFFFFFFFFFFF4F
:1011B000FFFFFFFFFFFFFFFFFFFFFFFFFFFFFFFF3F
:1011C000FFFFFFFFFFFFFFFFFFFFFFFFFFFFFFFF2F
:1011D000FFFFFFFFFFFFFFFFFFFFFFFFFFFFFFFF1F
:1011E000FFFFFFFFFFFFFFFFFFFFFFFFFFFFFFFF0F
:1011F000FFFFFFFFFFFFFFFFFFFFFFFFFFFFFFFFFF
:10120000FFFFFFFFFFFFFFFFFFFFFFFFFFFFFFFFEE
:10121000FFFFFFFFFFFFFFFFFFFFFFFFFFFFFFFFDE
:10122000FFFFFFFFFFFFFFFFFFFFFFFFFFFFFFFFCE
:10123000FFFFFFFFFFFFFFFFFFFFFFFFFFFFFFFFBE
:10124000FFFFFFFFFFFFFFFFFFFFFFFFFFFFFFFFAE
:10125000FFFFFFFFFFFFFFFFFFFFFFFFFFFFFFFF9E
:10126000FFFFFFFFFFFFFFFFFFFFFFFFFFFFFFFF8E
:10127000FFFFFFFFFFFFFFFFFFFFFFFFFFFFFFFF7E
:10128000FFFFFFFFFFFFFFFFFFFFFFFFFFFFFFFF6E
:10129000FFFFFFFFFFFFFFFFFFFFFFFFFFFFFFFF5E
:1012A000FFFFFFFFFFFFFFFFFFFFFFFFFFFFFFFF4E
:1012B000FFFFFFFFFFFFFFFFFFFFFFFFFFFFFFFF3E
:1012C000FFFFFFFFFFFFFFFFFFFFFFFFFFFFFFFF2E
:1012D000FFFFFFFFFFFFFFFFFFFFFFFFFFFFFFFF1E
:1012E000FFFFFFFFFFFFFFFFFFFFFFFFFFFFFFFF0E
:1012F000FFFFFFFFFFFFFFFFFFFFFFFFFFFFFFFFFE
:10130000FFFFFFFFFFFFFFFFFFFFFFFFFFFFFFFFED
:10131000FFFFFFFFFFFFFFFFFFFFFFFFFFFFFFFFDD
:10132000FFFFFFFFFFFFFFFFFFFFFFFFFFFFFFFFCD
:10133000FFFFFFFFFFFFFFFFFFFFFFFFFFFFFFFFBD
:10134000FFFFFFFFFFFFFFFFFFFFFFFFFFFFFFFFAD
:10135000FFFFFFFFFFFFFFFFFFFFFFFFFFFFFFFF9D
:10136000FFFFFFFFFFFFFFFFFFFFFFFFFFFFFFFF8D
:10137000FFFFFFFFFFFFFFFFFFFFFFFFFFFFFFFF7D
:10138000FFFFFFFFFFFFFFFFFFFFFFFFFFFFFFFF6D
:10139000FFFFFFFFFFFFFFFFFFFFFFFFFFFFFFFF5D
:1013A000FFFFFFFFFFFFFFFFFFFFFFFFFFFFFFFF4D
:1013B000FFFFFFFFFFFFFFFFFFFFFFFFFFFFFFFF3D
:1013C000FFFFFFFFFFFFFFFFFFFFFFFFFFFFFFFF2D
:1013D000FFFFFFFFFFFFFFFFFFFFFFFFFFFFFFFF1D
:1013E000FFFFFFFFFFFFFFFFFFFFFFFFFFFFFFFF0D
:1013F000FFFFFFFFFFFFFFFFFFFFFFFFFFFFFFFFFD
:10140000814205D051F8043B40F8043B8242F9D8B0
:10141000704700BF044A05494FF0000342F8043BFF
:101420009142FBD8704700BFC0160020201B00204F
:101430002DE98848BFF34F8F00BF00BF00BF00BF3A
:1014400000F042F9684B0822C3F8542100BF00BFE6
:1014500000BF00BF00BF00BF00BF00BF00BF00BF94
:1014600000BF00BF00BF00BF00BF00BF5F4A6049B0
:101470006048FFF7C5FF604A60496148FFF7C0FF59
:10148000604CFFF7C7FF4FF470004FF0E0210023DE
:101490005D4AC1F8880D44F823200133B02BFAD1FE
:1014A0005A4B80215A4A03F8011B9342FBD14FF05B
:1014B000E0254D4E4FF08039DFF884B1DFF884A18C
:1014C0004FF0FF31C5F8084D0027C6F80491C6F863
:1014D00000B1C6F8F490C6F8F0A0D5F8243DDFF8C6
:1014E000688143F4E0234B4AC5F8243DD8F81C300A
:1014F00023F07F0343F04003C8F81C30D8F82430B1
:1015000023F07F0343F04003C8F824309166D1668E
:101510001167516700F0E0F83F4B4049A363404B2F
:10152000E36363236B610323AF612B613D4BC5F81C
:10153000203DD5F8FC3D43F08073C5F8FC3D3A4BA7
:101540001A6842F001021A605B680B6000F00EFB43
:10155000C6F804913548C6F800B1C6F8F490C6F84C
:10156000F0A000F06DFCD8F86C10314B314A41F41A
:101570004051C8F86C101F60C3F80871C3F81871A7
:10158000C3F82871C3F83871936BDB0708D442F6AF
:101590001563294951651365936B43F00103936308
:1015A000244A264C936843F00113936000F01CF921
:1015B00000F060F800F054FC00F006FB00F086F844
:1015C0002368132BFCD900F097FB2368B3F5967FB3
:1015D000FBD300F07FF800F07BF800F03DFC00F05A
:1015E00037FC30BFFDE700BF00800D406081000088
:1015F0008C1F006000000000C0160020F0A00060FA
:1016000000000020001400209104000000E400E02D
:10161000A0E400E000C00A40B9180000B81A002099
:10162000BD18000000002020001000E00046C32389
:101630000040084000400D400000C056BC1A002089
:101640001B1018200C0D111300C00F40054B4FF458
:101650002A01054A05485A641864054A9963954663
:10166000FFF7E6FE00C00A40AFAAAAAA07002000C2
:1016700000000720104BA020104AD96E41F44031E1
:1016800010B4D96640F23764D96E41F44071D9661E
:1016900054649064936C1B06FCD4094A40F2376191
:1016A000A02351649364936C13F08003FBD1054A2B
:1016B00013705DF8044B704700C00F4000400C40B1
:1016C00000800C40E11A0020704700BF704700BF47
:1016D000704700BF00BF704710B44FF0E0230021F7
:1016E00010243148C3F8941DC3F89C4D1124C3F84D
:1016F000A00D2E48C3F89C4D1224C3F8A00D2C4811
:10170000C3F89C4D2B4AC3F8A00D2B4C42F0150298
:101710002A48C3F89C4DC3F8A00D294C2948C3F8AA
:101720009C4DC3F8A00D284CC3F89C2D2748284A8F
:10173000C3F8A04DC3F89C0DC3F8A02D02F5A0225C
:10174000244C0C322448C3F89C4DC3F8A02D234AE6
:10175000C3F89C0D224CC3F8A02D02F14062C3F8DF
:101760009C4D2048C3F8A02D0C32C3F89C0DC3F843
:10177000A02D00BF00BF00BF00BF00BF0122C3F803
:10178000942DBFF34F8FBFF36F8FC3F8501FBFF37C
:101790004F8FBFF36F8FD3F8142D5DF8044B42F4D5
:1017A0004032C3F8142D70473F0000102500080791
:1017B00009001000201B0020130020002100020758
:1017C0001400002025000813090000101600202036
:1017D00027000B1317000040180000602F000B07B4
:1017E000190000701A000080F0B5B84B1822B84EEE
:1017F0000120B84F83B0C3F85C62B749C3F8607288
:10180000B64DC3F86462A6F53046B54CC3F86862BD
:10181000C3F86C52C3F87052C3F87452C3F87852CC
:1018200048F20C75DA661A675A679A67DA67C3F87E
:101830008020C3F88420C3F88820C1F82C03A94A6B
:10184000C1F83003C1F83403C1F83803C1F83C03D0
:10185000C1F85003A169A44B0A40A448A44913430A
:10186000A44AA361D4F8843043F00C03C4F8843054
:101870004FF0FF34036843F00203036003682B401A
:101880004FF400551A439C4B026044608A689B4C9D
:1018900013409B4A43F000538360C36823F07803EE
:1018A000C360036A134023430362036A1340954AEB
:1018B0002343954C43628262C2620022D1F8B83061
:1018C00023F03F0343F00103C0F8B830D1F8BC3037
:1018D0008E4923F03F0343F00103C0F8BC3040F2CF
:1018E0000563026105660467C0F880304566446799
:1018F0000224C0F88430036823F00203036081618E
:10190000834B8449C46143F8042B8B42FBD1774A53
:10191000136843F001031360136813F00103FBD154
:101920007A48022140F2F564906140F29940D16119
:1019300040F26641C2F8004242F20144C2F810127D
:101940007549C2F82002C2F8301240F2354173489E
:10195000C2F83442C2F84012714CC2F8500242F24E
:1019600001207049C2F854120121C2F86042C2F845
:1019700064025E48C2F8A030C2F8A430C2F8B010C9
:101980004369DA07FCD5012300244FF4803257491C
:101990004361C0F8A040C0F8A420C0F8B0304B6943
:1019A000DB07FCD5012300244FF400304F4A4B6184
:1019B000C1F8A040C1F8A400C1F8B0305369DF07F6
:1019C000FCD501230024584848495361C2F8A0407F
:1019D000C2F8A400C2F8B0304B69DE07FCD5D1F8DC
:1019E000003145F60D5221209BB24861934265D1EA
:1019F00000244FF4802201233C48C1F8A040C1F8E4
:101A0000A420C1F8B0304369DD07FCD501234FF4B1
:101A100000040021354A4361C0F8A040C0F8A4107A
:101A2000C0F8B0305369DC07FCD501234FF4000443
:101A30004FF480302D495361C2F8A040C2F8A40091
:101A4000C2F8B0304B69D807FCD501234FF400042D
:101A50004FF40030254A4B61C1F8A040C1F8A40002
:101A6000C1F8B0305369D907FCD501234FF4000405
:101A70002D481E495361C2F8A040C2F8A400C2F824
:101A8000B0304B69DA07FCD5D1F8003145F60D527C
:101A900021209BB24861934250D008254FF40004A6
:101AA00022490020224B234A009015705A1A012324
:101AB0002148224400F0C8F903B0F0BD1E4B0022BB
:101AC000C3E90022C3E9022203B0F0BD00801F4039
:101AD000F9B00100F910010000841F40F970010005
:101AE00000C00F40FFFCFF1F000300A000402A4081
:101AF00000802A401200FFFFFF37F70040000080FF
:101B000000FFF07CFF000F8363000200F05AF05AE0
:101B100000422A4000432A409F041830EB06180A6E
:101B20003806180A0632012604000300000000707F
:101B300000000070E21A0020441A00204FF4000454
:101B40004FF4802201230848C1F8A040C1F8A42026
:101B5000C1F8B0304369DB07FCD5012310254FF0F5
:101B6000807443619CE700BF00402A40F0B4154AEE
:101B700040274FF480314FF480564FF400554FF416
:101B8000404443F24200136913F0020F0ED113F4E4
:101B9000005F0FD013F4805F0ED0002BF3DA13F444
:101BA000803F0BD15B060BD5F0BC7047946151614F
:101BB0009061E8E75561E6E75661E4E79161E2E7A5
:101BC0005761E0E700800D403F4A03203F49F3EEB4
:101BD000095AD2F880304FF0000C9FED3D6A23F097
:101BE00001039FED3C5A30B4C2F88030C2F8900037
:101BF000D1F8E010384DCBB2384C39482B6007EEA5
:101C0000903A0B0DC1F30B21F8EEE77A06EE903A0D
:101C100007EE101A334BB8EEC77A2160F8EEE66A89
:101C2000314937EEC66A37EEC55A76EEC76A77EEA7
:101C3000E57A26EE266AC3ED006A25EE265AD2F82A
:101C4000803067EEA64AC0ED007AC6EE275A2748D4
:101C500085EE276AC4EEA76A75EE875AFCEEE55A50
:101C600036EE076A15EE904ABCEEC66A43EA0453A4
:101C700076EE877AC2F8803016EE103AD2F89041AC
:101C8000FCEEE77A01EA0341214317EE903AC2F8ED
:101C90009011C3F30B03D2F890110B431449C2F80F
:101CA0009031D2F8803043F00203C2F88030114BFB
:101CB00080F840C0C1F840314FF0E023012230BC31
:101CC000C3F80821704700BF00810D4000441F4049
:101CD0000000AA420000B442A81A0020A41A002062
:101CE000AC1A0020B01A00200000FF0F00E400E052
:101CF0000014002079060000314B40F6617210B5E7
:101D0000C3F8202140F2044400F0AEF82D4A2E49D9
:101D1000D2F880302D4843F00303C2F880302C4BBA
:101D2000C1F8604102681A4203D1D1F8A8319A077C
:101D30001BD0254A4FF00041244B5963D2F8403163
:101D400043F00203C2F84031D2F840319B07FBD484
:101D50004FF400304FF0E0211C4B4FF00042C1F82F
:101D60008C0219209A6300F087F8184A4FF08040DF
:101D7000154C002190630A20164B11604FF420721D
:101D8000C4F8A801184600F073F84FF48002034627
:101D90004FF4810040F243111860C4F858311A64BE
:101DA0000D4B0E4AC4F84811C3F804224FF0E0224C
:101DB0004FF400310123C2F80C11C4F8403110BDBA
:101DC00000800D4000C00F4000002E4000900D40EC
:101DD000001C1E000000002000140020610800000C
:101DE00008B50E4B1B6E9B0700D4FBBE72B60C4BA6
:101DF00000200C4AC3F8400103F160430A49A3F5EF
:101E00005F2311649D46BFF34F8F4FF400130748C3
:101E1000074ADB6902609B68984700BF00441F4087
:101E200000002E4000C00A40030020000080202057
:101E3000000012EBF8B500BFF8BC08BC9E46704726
:101E40005FF800F0DD1800005FF800F0551E00009C
:101E50005FF800F0E90200005FF800F0ED260000F6
:101E60005FF800F0F11C00005FF800F0D10F0000F7
:101E70005FF800F0492600005FF800F0CD1B00007D
:041E80004500000019
:101E84001603550053004200200053006500720001
:101E9400690061006C0000001803540065006500CF
:101EA4006E00730079006400750069006E006F00B5
:101EB4000403090409026200030100C032080B0094
:101EC40002020201000904000001020201000524CB
:101ED4000010010524010101042402060524060062
:101EE400010705820310001009040100020A000022
:101EF40000070503024000000705840240000009B2
:101F040004020002FF6AFF00070581024000010786
:101F1400050102400001000009026200030100C043
:101F240032080B000202020100090400000102024F
:101F34000100052400100105240101010424020606
:101F440005240600010705820310000509040100A9
:101F5400020A0000000705030200020007058402CC
:101F64000002000904020002FF6AC700070581029B
:101F74000002010705010200020100000A06000236
:081F8400EF0201400100000022
:101F8C000000000000000000000000000000000045
:101F9C000000000000000000000000000000000035
:101FAC000548064B1B1AD90F01EBA301491002D0AF
:101FBC00034B03B118477047C0160020C016002011
:101FCC000000000008B5054B1BB105490548AFF3EF
:101FDC000080BDE80840FFF7E3BF00BF0000000031
:101FEC00541A002000C4006008B50021262000F01F
:101FFC0003F92820002100F0FFF80C20BDE8084070
:10200C0000F0CAB810B526201F4C2DED028B00F045
:10201C006BF807EE900A9FED1D8A2046F8EEE77AE2
:10202C00DFED1B6A9FED1B7A1B4967EE887AC7EEC2
:10203C00A68A68EE878AB7EEE87A53EC172B00F085
:10204C0045F8282000F050F807EE900A9FED137A1F
:10205C002046F8EEE77A124967EE887A87EE878A8F
:10206C00B7EEC87A53EC172B00F030F828EE288A1C
:10207C0020460C49B7EEC87ABDEC028B53EC172BFB
:10208C00BDE8104000F022B8380C00203333534028
:10209C0000F07F4558EE91418C090020CDCC2343B4
:1020AC00AC090020CC090020084601F0A3BA00BFFF
:1020BC00054B022888BF034610B41C681846636899
:1020CC005DF8044B184700BF380C00200EB400B567
:1020DC0082B003AA52F8041B019201F01BFF02B05C
:1020EC005DF804EB03B070472A2849D8F8B5254FA2
:1020FC0004463B78E3B9244B1B5DFF2B29D0234AC4
:10210C0002EB041291680A6802F44050B0F5805F4B
:10211C0030D01C061FD41E4C2360236AD80704D46D
:10212C0001F0FCFA236AD907FAD5194B586AF8BDA5
:10213C00174D184E01E001F0F1FAAB6C1B06FAD406
:10214C00B36C13F08003F6D13B700F4B1B5DFF2B70
:10215C00D5D10020F8BD0F4C03F07F032360236A18
:10216C00DA0704D401F0DAFA236ADB07FAD5094B53
:10217C00586AF8BD22F480521C060A60EBD4CAE7F8
:10218C0000207047E11A0020F40900201C060020F2
:10219C0000400C4000800C40082830B422D00A28A3
:1021AC000CBF4FF405714FF44671104C104D636C1D
:1021BC00626C2B400F4802F003021A43636C03F06D
:1021CC00E00313430B436364436C426C2B4002F0FB
:1021DC0003021A43436C03F0E0031343194330BC6E
:1021EC00416470474FF44071DFE700BF00400C4082
:1021FC0000FCFFFF00800C40362829D8164B02014A
:10220C00012903EB00109A5810B45368C4680ED01F
:10221C0004290CD023EA040353608368A9B1022972
:10222C0017D003290CBF0D4A0D4A1A6007E023434F
:10223C0001295360836808D040F638021A6043685D
:10224C0015225DF8044B1A60704738221A60F6E7C5
:10225C007047044A1A60F2E71C060020383001006F
:10226C003800010038F0010008B5FFF7BDFEFFF79C
:10227C00C9FE01F053FAFAE7844641EA000313F071
:10228C0003036DD1403A41D351F8043B40F8043B71
:10229C0051F8043B40F8043B51F8043B40F8043B34
:1022AC0051F8043B40F8043B51F8043B40F8043B24
:1022BC0051F8043B40F8043B51F8043B40F8043B14
:1022CC0051F8043B40F8043B51F8043B40F8043B04
:1022DC0051F8043B40F8043B51F8043B40F8043BF4
:1022EC0051F8043B40F8043B51F8043B40F8043BE4
:1022FC0051F8043B40F8043B51F8043B40F8043BD4
:10230C0051F8043B40F8043B403ABDD2303211D373
:10231C0051F8043B40F8043B51F8043B40F8043BB3
:10232C0051F8043B40F8043B51F8043B40F8043BA3
:10233C00103AEDD20C3205D351F8043B40F8043B73
:10234C00043AF9D2043208D0D2071CBF11F8013B71
:10235C0000F8013B01D30B8803806046704700BF37
:10236C00082A13D38B078DD010F003038AD0C3F146
:10237C000403D21ADB071CBF11F8013B00F8013B28
:10238C0080D331F8023B20F8023B7BE7043AD9D3E7
:10239C00013A11F8013B00F8013BF9D20B780370BC
:1023AC004B7843708B7883706046704701F1FF3C2B
:1023BC0070B56646002400E00134B0FBF2F502FB78
:1023CC001503092B03F1370E03F130035FFA8EFE70
:1023DC0098BF5FFA83FE9042284606F801EFEBD2D5
:1023EC00631C0022C818CA547CB162461CF8015FF9
:1023FC0010F8016DA1EB0C0302328CF80060013B6C
:10240C00521A057023449A42EFDB084670BD00BF98
:10241C0072B6EFF30583524CC4F884301EF0040FEF
:10242C000CBFEFF30882EFF309824FF0E0234D4E1F
:10243C004D4DD3F8280DD3F82C1DC4E92201D3F847
:10244C00341DD3F8383DC4E924139369C4F898308B
:10245C00D369C4F89C3000F0D1F884ED280A01F05F
:10246C0081FC0B214FF0FF32C4F8A4000B46C4F8DA
:10247C0080103E49301D5A40202402F00103013CDB
:10248C0001FB03F383EA5202F7D1A84202D073682E
:10249C000646EFE7324BC3F8A820BFF34F8F4FF03F
:1024AC00E0233049324AC3F8701FC3F8702FBFF3D2
:1024BC004F8FBFF36F8F2F4A02252F48D36E2F49B2
:1024CC0043F44053D3660560D3692D4823F07F0352
:1024DC0043F04003D3610B6883423DD8264D002165
:1024EC004FF0E0234FF0FF3229600126C5F80811A8
:1024FC002449C5F80011C5F80861C3F88021C3F858
:10250C008421C3F88821C3F88C21C3F8902101E001
:10251C0000F066F9D5F80C31002BF9D00134C5F870
:10252C000C614F2CF4D9184B022018494FF0004283
:10253C00C1F840015A63D5F80C313BB91448154920
:10254C000D4A0163D2F80C31002BFAD04FF0E02386
:10255C00114AC3F80C2DFEE701F080F9BEE700BF6D
:10256C0000FF272080FF2720A8FF27202083B8ED1D
:10257C00A0FF272000C00F4000400840340C002072
:10258C00803DCD0B009F240000900D4000002E409C
:10259C0000800F40F100AD0B0400FA050A490A68EF
:1025AC0038B108B513180948834204D810460B609B
:1025BC0008BD1046704701F081FC0C234FF0FF3230
:1025CC000360104608BD00BF480C00200000282006
:1025DC00002070474FF0FF30704700BF4FF400539E
:1025EC0000204B60704700BF012070474FF0FF3058
:1025FC00704700BF30BFFDE7FFF70ABF124AD2F8A1
:10260C0080305B07FBD5D2F880301048C3F30B2326
:10261C000F4990ED007A07EE903A91ED006AB8EE12
:10262C00477A0C4AF8EEE77A0B4BD2ED006A77EE5C
:10263C00C77A93ED007AB8EE477A67EE867A87EE22
:10264C00A60A37EE400A704700810D40A41A0020FC
:10265C00AC1A0020B01A0020A81A0020836BF0B42A
:10266C001BB1536843F40043536072B6446B3CB3E4
:10267C001A4B2260D3F8B0410C421DD1184E77682A
:10268C0004E07468E41BB4F5166F0BD2D3F8404128
:10269C0044F48044C3F84041D3F8B851D3F84041D6
:1026AC006404EED50D4007D10C4CC0E90225D4F8DA
:1026BC00B0310B43C4F8B031426362B6F0BC704722
:1026CC00064DC0E90224D5F8B0310B43C5F8B03142
:1026DC000263426362B6F0BC704700BF00002E403C
:1026EC00001000E070B5056B9DB106462A4600242B
:1026FC0003E012680134012A0CD0536813F08003F4
:10270C00F7D032632CB12846B36B2D689847013C47
:10271C00F9D170BDC6E90C33F4E700BF30B4D9B9B8
:10272C001F4C204B0021204A01254FF001109960CD
:10273C001D60C4E9023180245C60C2F8BC01D2F88F
:10274C00B0311A482B43C2F8B0310160D2F8B03125
:10275C00002BFBD130BC70470904154B104C0125E4
:10276C0041F080019860104A596000F580511D605D
:10277C00D96000F50051A364196100F5405100F5D2
:10278C008040596100219861E164D2F8B03143F482
:10279C008033C2F8B031D2F8B031002BFBD1C0E796
:1027AC0000000020C016002000002E40381A002027
:1027BC00E0160020084901220B7802FA00F023EA07
:1027CC000000087030B9054AD2F8483123F0800374
:1027DC00C2F84831704700BFE51A002000002E40B7
:1027EC002DE9F04F974C83B0D4F84471FB07C4F833
:1027FC00447153D5D4F8AC21002A4AD0924EDFF85C
:10280C0060A2DFF87492DFF874B2DFF87482C4F857
:10281C00AC21D6E90A20D4F8403143F40053C4F873
:10282C004031D4F840319D04F5D5D4F8403123F42F
:10283C000053C4F840314FF00113C4F8B431D4F84C
:10284C00B45115F00115FAD193B28446CAF8005070
:10285C00B3F5086F00F0CF8100F2DB8040F202315B
:10286C008B4200F0E78100F29A80822B00F0CB8142
:10287C00B3F5817F40F08A8010F0780F83B200F0BE
:10288C0003824FF00113C4F8C031D4F8AC21002AF4
:10289C00BDD16C4AD2F8BC31002B42D17E0616D584
:1028AC00684BD3F8AC21C3F8AC21D3F8BC21C3F8E6
:1028BC00BC21D3F8B041002CFBD14FF0FF32C3F850
:1028CC00B421D3F8843100F02DFD604B1C60FC0169
:1028DC0003D55F4B1B6803B19847B80103D55D4B1B
:1028EC001B6803B19847790708D5564BD3F8843148
:1028FC0013F4007347D0584B01221A70514BD3F884
:10290C0048311A060AD53B0608D5544A13782BB120
:10291C00013BDBB21370002B00F0728203B0BDE8F8
:10292C00F08F4F49C2F8BC310868034240F0D181A6
:10293C00464A14681C40B1D05FEA144810D0424E8D
:10294C004FF0010998FAA8F5B5FA85F506EBC51014
:10295C0009FA05F54030FFF7C5FE38EA0508F1D154
:10296C00A4B2002C9AD0384E4FF0010894FAA4F57A
:10297C00B5FA85F506EBC51008FA05F5FFF7B2FEBA
:10298C00AC43F3D18AE7344A1370B7E7802B7FF45A
:10299C0078AF344802210580FFF7C0FE75E7B3F528
:1029AC00A06F00F00B81A3F5D063012B3FF669AF4C
:1029BC002D4B5D68002D3FF464AF1FFA8CFC4FEA81
:1029CC00124E04E01D690C33002D3FF45AAF1A88E7
:1029DC007245F7D15A886245F4D14FEA1E22032A78
:1029EC0000F0A5811A89000C824228BF0246BEF570
:1029FC00007F40F0A181184B1C4918781C4B0192A8
:102A0C00002818BF19461B48FFF736FC194D019AD0
:102A1C00E1E142F221218B427CD033D942F22131C7
:102A2C008B4200F081804FF6C0018B427FF429AFBE
:102A3C0010F47F4F83B27FF424AF43F46E4363F3FF
:102A4C000F0CB5E700002E40000000203C1A0020BF
:102A5C00D01A0020D41A0020EB1A0020EC1A002007
:102A6C00381A00206C1A0020680A0020B81E00607A
:102A7C001C1F006000002020301A00205DCFC6B85B
:102A8C00C0012E40B3F5106F66D042F221018B428B
:102A9C007FF4F7AE030C072B7FF4F3AEB24BB349C4
:102AAC00F560D960B249B360C3F80890C1E9002061
:102ABC0001221A60AF4A5A60AF4A1A61D4F8B011B9
:102ACC0041F00101C4F8B01102F5805102F5005239
:102ADC0059619A61D4F8B031002BFBD1A74AF36449
:102AEC0093600123B264136048F2800353604FF08B
:102AFC000113C4F8BC31D4F8B03143F48033C4F8BA
:102B0C00B0314FF48033CAF80030D4F8B031002B18
:102B1C00FBD1BAE680B238B9994BC2F307421968B7
:102B2C00984B1960984B1A70944B00229A60F2647F
:102B3C000122B3641A6080225A604FF00113C4F86A
:102B4C00BC31D4F8B03143F48033C4F8B031D4F88C
:102B5C00B031002BFBD198E6C2F307428B4B1A70B5
:102B6C008B4BC4F8C8318B4BC4F8CC318A4BC4F8AE
:102B7C00D03100F0D9FB80222946884801F024FD91
:102B8C00874B8022C6F8A0B0C6F8E0307B4BF564CA
:102B9C005A600122B3649D601A604FF00113C4F8AF
:102BAC00BC31D4F8B03143F48033C4F8B031CAF836
:102BBC000050D4F8B031002BFBD166E66F4B0121ED
:102BCC00F564196080219D60B36459604FF0011366
:102BDC00C4F8BC31D4F8B03143F48033C4F8B0310C
:102BEC00D4F8B031002BFBD1130C5B0643F080738F
:102BFC00C4F8543149E6654B01216A481B780370CF
:102C0C00FFF78CFD41E683B210F078007FF439AE0B
:102C1C0003F07F0258F82210624A1080180600F167
:102C2C009E80CB0701D50123137002215D48FFF76D
:102C3C0075FD2AE610F0780F83B27FF422AE03F014
:102C4C007F0213F0800F58F8223014BF43F4803306
:102C5C0043F0010348F822300022484BF2649A609A
:102C6C000122B3641A6080225A604FF00113C4F839
:102C7C00BC31D4F8B03143F48033C4F8B031D4F85B
:102C8C00B031002BFBD100E603F07F0213F0800F74
:102C9C0058F8223014BF23F4803323F0010348F892
:102CAC0022300022354BF2649A600122B3641A6020
:102CBC0080225A604FF00113C4F8BC31D4F8B03103
:102CCC0043F48033C4F8B031D4F8B031002BFBD1CD
:102CDC00DBE50020086026490C88486842F2210197
:102CEC008C427FF425AE80B200287FF421AE2E49B1
:102CFC002E4C03C9A18086284FEA11412060A17196
:102D0C007FF416AE72B62A48017841F008010170C2
:102D1C00D2F848110D0605D480200143C2F84401B5
:102D2C00C2F8481162B6234A5021117000E6000C1B
:102D3C002A78824228BF0246BEF5E06F44D11E4B72
:102D4C001E4D18781E491F4B0192002818BF1946BA
:102D5C002846FFF791FA07236B70019A3BE0C903F1
:102D6C003FF561AF61E700BFE0160020302A00207C
:102D7C008018002080000700303A0020C016002088
:102D8C00BC1A0020CC1A0020E91A0020EA1A0020F4
:102D9C000200CC00C80002000200C8008000002025
:102DAC001993D5746C1A0020301A0020C41A002014
:102DBC00E51A0020EC1A0020EB1A0020000020205D
:102DCC001C1F0060B81E00602946104D0192284659
:102DDC00FFF752FA019A25F01F031544BFF34F8FEA
:102DEC004FF0E021C1F8703F20339D42FAD8BFF379
:102DFC004F8FBFF36F8F05481146FFF78FFC44E5EB
:102E0C000320FFF7D7FC07F05FF900BF000020207C
:102E1C002DE9F0471F46831E022B01D9BDE8F08730
:102E2C00DFF84C9015460C463C2209EBC0180646C0
:102E3C004FEAC01A002108F10400240401F0C4FB7D
:102E4C00B5FA85F20123520944EA427449F80A4062
:102E5C00C8F83870C8F80830002FDFD0034AB340E8
:102E6C0011680B431360BDE8F08700BF3C1A0020CB
:102E7C00000000202DE9F0470D46811E022901D9E2
:102E8C00BDE8F087C701DFF84C9092460446403706
:102E9C003C2200211E4609EB07082D0408F1040012
:102EAC0001F092FBBAFA8AF2520945EA427249F8E9
:102EBC0007200122C8F83860C8F80820002EDFD09F
:102ECC00034B10341968A2400A431A60BDE8F0871E
:102EDC003C1A00200000002012048160C36101F53F
:102EEC00405342F0800210B40124426001F50052BC
:102EFC00046001F5805401F58041C46081615DF886
:102F0C00044BC0E904237047831E0A46022B00D9E8
:102F1C007047064B00F110014FF0010C03EBC01091
:102F2C000CFA01F14030FFF799BB00BF0000002004
:102F3C00831E0A46022B00D970470121024B8140A7
:102F4C0003EBC010FFF78ABB0000002040687047FD
:102F5C00124A134BD2F8200220F07F40984210B551
:102F6C0084B002D200EB800040000E4C01A90A2272
:102F7C00FFF71CFA01A90023204611F8012B01339D
:102F8C003AB10A2B20F8022FF7D11623237004B084
:102F9C0010BD5B00DBB2237004B010BD00441F40B9
:102FAC00809698002812002000F0DCBA00F0ACBA31
:102FBC0000F010BB00F0CABA00F066BB00F03CBBDE
:102FCC000846114600F02CBBF8B5144C4FF0E02528
:102FDC00134E4FF4003204EB4024124F06EB401614
:102FEC000346C5F88C2121463A883046FFF774FF1A
:102FFC003B882344BFF34F8FC5F85C4F2034A3426A
:10300C00FAD8BFF34F8FBFF36F8F03203146FFF712
:10301C008FFF4FF40033C5F80C31F8BD8000202031
:10302C0000170020D81A0020244B2DE9F0411C88F1
:10303C004368C569C3F30E43E41A002C24DD204910
:10304C0020480A780078D3B21F4E82421F4807D01E
:10305C0010F8038036F81870C7F50072944218D92E
:10306C000133002226F81540082B194E88BF134651
:10307C0026F8152098BFDAB2C554164B0A701A6898
:10308C0014441C60BDE8F0812846BDE8F041FFF710
:10309C009BBF07EB4820104922462744084401EB0C
:1030AC004521FFF7E9F80B4A284626F818701368F3
:1030BC002344BDE8F0411360FFF786BFD81A002007
:1030CC00E31A0020E41A0020781A0020981A002035
:1030DC00881A0020741A0020800020201D4B1A78BA
:1030EC00002A36D102F0FF031B4A12788AB32DE96D
:1030FC00F0411A4D2A8852B3194EC2F50068194F87
:10310C003278194C07EB421704EBC224424638467E
:10311C002146FFF7E1FE04EB0802BFF34F8F4FF09F
:10312C00E023C3F8704F2034A242FAD8BFF34F8F7C
:10313C00BFF36F8F04203946FFF7E6FE3378013377
:10314C00DBB2032B88BF0023337000232B80BDE838
:10315C00F0817047E81A0020EA1A0020DA1A0020E1
:10316C00E71A002000180020801020202DE9F04FD5
:10317C0085B0CDE90110002900F0BF800023604C20
:10318C00DFF89881DFF898A15E4F009301235E4A27
:10319C0023705E4B1978B8F8003002EB4119002B04
:1031AC0040F0A7801E461D469B464846FFF7CEFEC4
:1031BC0010F0800000F08C80BFF34F8F9AF8003035
:1031CC0084F800B005B93E68002B7DD13B689B1B91
:1031DC00782B00F287804E4B1B78002B74D000F0BC
:1031EC009DFA0122B8F8003015462270002BDCD075
:1031FC00464AC3F5006011781A4600EBC120454DD4
:10320C00C9022844019D954217D20393DDE901516F
:10321C002A46FFF731F8039B4FF040425B1BA8F89E
:10322C0000303D4BC3F88420BFF34F8F0098002330
:10323C002844237005B0BDE8F08F364BCD180299A9
:10324C00FFF71AF800234FF4006229464846FFF7AF
:10325C0043FEBFF34F8F05F1200205F50063934247
:10326C0034BF012340234FF0E02205EB4313C2F897
:10327C00705F2035AB42FAD1BFF34F8FBFF36F8F26
:10328C0004204946FFF740FE204A13780133DBB295
:10329C00032B84BF00231D4A1370B8F80030019A29
:1032AC00D11A009A1A4401910092029A1A440023EE
:1032BC000292194AA8F80030C2F88430BFF34F8F3D
:1032CC00237000297FF462AF009805B0BDE8F08F41
:1032DC004FF400620D4B8AF8000019781346A8F8D9
:1032EC0000208AE7012300988AF8003005B0BDE879
:1032FC00F08F1A46C3F500607FE70198E5E700BF41
:10330C00E81A0020BC1A002000180020E71A002040
:10331C00EA1A00208010202000002E40DA1A00202B
:10332C00E61A0020704700BF2D4B002180222D484B
:10333C0070B51B7800242C4D8B422C4E0CBF4023B7
:10334C004FF400732B80338001F03EF9284A21465C
:10335C00284B14704FF4807227481C8001F034F90C
:10336C00264A1021264B0220C2E90044C2E902443D
:10337C00244AC3E900441470234AC3E90244234B92
:10338C001C70234614602246FFF774FD22463188D8
:10339C0003201F4BFFF73CFD234601222988042004
:1033AC00FFF768FD20460134FFF70EFE082CF9D11B
:1033BC00184B00214A221848184C0460C3F884109A
:1033CC00C3F88020D3F84821154942F08072C3F825
:1033DC00482121B1134A137843F00103137070BDD7
:1033EC00EB1A002000180020DC1A0020D81A00204C
:1033FC00E71A0020DA1A002000170020781A0020A3
:10340C00881A0020E31A0020741A0020E41A002005
:10341C00A910000000002E40D01A00205D11000001
:10342C0000000000ED1A00202DE9F04F4FF0E023D2
:10343C004FF40032DFF8C8A083B0C3F88C218B4660
:10344C009AF8004000294FD08046E4B20027DFF8FC
:10345C00B490264BABEB070225491B78A34204F131
:10346C0001043FD0092C234B404628BF00241E5D8D
:10347C0039F816C00CEB462319441F4B33F8165081
:10348C00A5EB0C05AA421CD20CEB462C18491B4C84
:10349C0061440192FEF7F0FE216839F81650584647
:1034AC00019AA1EB0B012A44394429F8162021601A
:1034BC004FF0E0234FF40032C3F80C2103B0BDE809
:1034CC00F08F2A462F44FEF7D7FE0C49E3B2304664
:1034DC000A68A844521B0A608AF80030FFF774FD92
:1034EC00BB45B6D83846E3E70846E1E7E31A0020C7
:1034FC0080002020981A0020781A0020741A0020CE
:10350C00E41A0020881A00200B4B0C4A1278197808
:10351C00D3B28A420DD0013309480A4A092B0A4911
:10352C0028BF0023C35C31F8131002EB4323585C13
:10353C0070474FF0FF307047E31A0020E41A002068
:10354C00981A002080002020881A0020044B10B507
:10355C001C680CB1204610BD00F0E0F8204610BDF0
:10356C00741A00202DE9F84F144E154D33782A7833
:10357C00934221D0DCB2DFF85090DFF850B0DFF886
:10358C005080104F0134082C5FFA84FA01D90024C2
:10359C00A24619F80400DBF8003038F8102037F890
:1035AC001010521A9B1ACBF80030FFF70DFD86F85D
:1035BC0000A02B78A342E5D1BDE8F88FE41A0020D7
:1035CC00E31A0020881A0020981A0020741A002090
:1035DC00781A002000B583B001210DF10700FFF728
:1035EC0023FF20B19DF8070003B05DF804FB4FF0FA
:1035FC00FF30F9E7094B00B583B01B788DF8070055
:10360C003BB101210DF10700FFF7B0FD03B05DF8F0
:10361C0004FB03F0FF0003B05DF804FBEA1A002082
:10362C00044B1B7803F0FF020BB1FFF79FBD104654
:10363C00704700BFEA1A00202DE9F0410024DFF8A2
:10364C00448001230D4D27460D4E88F80030337809
:10365C0028462035A34204F1010405D0FFF776FC7F
:10366C00030658BF07F50067042CF0D1BFF34F8F4A
:10367C000023384688F80030BDE8F081001800209F
:10368C00E71A0020E81A00202DE9F8431D4B1B789F
:10369C0013B11D4D2A880AB9BDE8F8831B4EC2F53B
:1036AC0000691B4933784A461A4C01EB43181A4FF0
:1036BC0004EBC324012340463B7021460023FFF753
:1036CC000BFC04EB0902BFF34F8F4FF0E023C3F860
:1036DC00704F2034A242FAD8BFF34F8FBFF36F8FD5
:1036EC0004204146FFF710FC33780133DBB2032B87
:1036FC0088BF0023337000232B80BFF34F8F3B70A8
:10370C00BDE8F883EA1A0020DA1A0020E71A002034
:10371C000018002080102020E81A00202DE9F84322
:10372C002D4B1E7866B12D4F3B784BB90123F10719
:10373C003B7043D4B20726D400233B70730701D4EB
:10374C00BDE8F883264B1A68002AF9D0EFF30582FE
:10375C00002AF5D1EFF3108572B61868002834D022
:10376C00204C2178002930D10122227042691A6044
:10377C00002A2ED0916105B962B600258368457781
:10378C0098472570DCE7DFF8648098F80030002B50
:10379C00D2D00025DFF858902B4659F8234001353C
:1037AC00236820461B69984710B163699B6898474A
:1037BC0098F80020EBB29A42EFD8BDE7FFF7C6FEAF
:1037CC000028B7D0AFF30080B4E7002DB8D162B6B3
:1037DC00B6E7054B1A60CEE7ED1A0020E01A002080
:1037EC0088180020DE1A002094180020DF1A002010
:1037FC009818002070B5EFF3108272B60C4C20684C
:10380C0080B10C4E00254369236073B19D6102B9F0
:10381C0062B6836845779847EFF3108272B62068DA
:10382C000028F0D102B962B670BD3360EFE700BF7B
:10383C00901800208C180020FFF7DCBF0449054AC3
:10384C004968054B1960136801331360704700BF5A
:10385C00001000E0BC1A0020B81A0020A249A34BAB
:10386C0088422DE9F047A24C5E699A69D4F80C8025
:10387C001BD9A04B984240F20281C31A9E491B0AE5
:10388C00A1FB031340F22761DB0903EB830303EB7A
:10389C00830303F2E2438B4228BF0B46A3F5487720
:1038AC00964BA3FB0737FF0804E0954FB8428CBF3B
:1038BC000E2706278D4908F01F09D1F88030B9452D
:1038CC0043F0C003C1F880300CD228F01F08A1F5DA
:1038DC00F82148EA0708C1F80C800B68002BFCDAC9
:1038EC0008F01F0916F0007324D186490C6986492B
:1038FC00A14300F0EA8082F4805134464FF48055A5
:10390C0014F0605F04D026F060561E43774B5E6166
:10391C0011F4405F07D022F4405274492A438A6163
:10392C008B6C1A07FCD446F00076704A5661936C87
:10393C009B06FCD4754CA04200F2CE804FF0010CDB
:10394C000146634603FB011203F1010E0CF1010564
:10395C00A24218D8BEF1080F4FF0010340F08D8041
:10396C00BCF1040F00F291800A18A24200F2A4806C
:10397C0005FB00F1AC4603F1010E03FB01120CF147
:10398C000105A242E6D90CF1FF318C0286EA8121B5
:10399C005F4810445F4A90427FD9DFF8A4A16C22A3
:1039AC005D48584DB0FBFEF0D5F800E0B0FBFCF0E4
:1039BC00DFF890C10EEA0C0CD44509D042F4005249
:1039CC004FF4805CC5F800C02A602A68002AFCDA33
:1039DC00464A156905F007059D4203D01361936CA7
:1039EC00DD03FCD411F4E05F09D026F4E05604F4B6
:1039FC00E0543E4A26435661936C9907FCD44749E0
:103A0C00474A014491423CD8464BC909A3FB0131BA
:103A1C00090B4B1E1B0286EA030212F4407F06D0F0
:103A2C0026F4407603F44073304A334353612F4AF3
:103A3C00536923F000735361936C9B06FCD43A4B8F
:103A4C004F45A3FB00234FF0FF324FEA9343B0FBEB
:103A5C00F1F1B2FBF3F3354A1060354A1160354A87
:103A6C00136008D228F01F08214A48EA0707D760DC
:103A7C001368002BFCDABDE8F087734662E7122767
:103A8C0018E74FF440730421C5E70CF1FF312048CF
:103A9C0007238C02104486EA8121274ADFF8A8A06C
:103AAC00A2FB0020020D2548362A38BF362202FB25
:103ABC0000F042EA0A0A74E74FEA8C24002386EAF3
:103ACC008C214FF0010EAC4662E71D4686F0C054C7
:103ADC0011464FF0C05313E700244FF0010C02467F
:103AEC0031462346E64653E700A4781F00C00F403A
:103AFC00000008400046C32323B24C001F85EB5145
:103B0C0000366E0100800D4040300080FFB19F26D2
:103B1C00808D5B00FF7EF64D00643F4D7FD1F00839
:103B2C007F17B42C9F10E50083DE1B43340C002060
:103B3C00300C0020B41A0020819F5E16001BB700C9
:103B4C006C2000807F3001800020008000B970471D
:103B5C002DE9F84F01218146214C224D224E54E88B
:103B6C00003F2A68306844E80013002BF7D11F4946
:103B7C004B684FF47A7BDFF878A01B1A01270BFBFC
:103B8C0002F8DAF80020A3FB02325A4594BF9044A5
:103B9C00D84454E8003F2A68306844E80073002B8E
:103BAC00F7D14B68DAF800C01B1A0BFB02F2A3FB2F
:103BBC000C3CBCF57A7F94BF624402F57A72A2EB9E
:103BCC000802B2F57A7F06D3B9F1010908F57A78C3
:103BDC00DFD1BDE8F88FFFF7A1FD0449D9E700BF9D
:103BEC00C01A0020BC1A0020B81A0020001000E0F7
:103BFC00B41A002000230F2248F2B82C194610B535
:103C0C004FF470444FF4806EA0F88C414FF4604434
:103C1C00A0F88E210A46A0F89031B0F888319BB2FA
:103C2C0043F0F003A0F8883101EB4103013100EBC4
:103C3C00431304299C80A3F806E05A841A865A8000
:103C4C005A81A3F80EC05A82DA825A83DA83EBD1F6
:103C5C00B0F888319BB243F00F03A0F88831B0F86C
:103C6C0088319BB243F47063A0F8883110BD00BF5B
:103C7C00374B384A996F384841F47F0170B59967D2
:103C8C0041F20106D3F8801045F6C05543F22604E4
:103C9C000A43C3F88020FFF7ADFF00F58040FFF723
:103CAC00A9FF00F58040FFF7A5FF00F58040FFF766
:103CBC00A1FF0022A0F503104FF00F0E114600EBF0
:103CCC0042134FEA421C01329981042A5981A3F80C
:103CDC000EE09E82DD8020F80C1019829C81EED1C2
:103CEC0000221E484FF00F0E41F20106114645F618
:103CFC00C05543F2260400EB42134FEA421C01323A
:103D0C009981042A5981A3F80EE09E82DD8020F867
:103D1C000C1019829C81EED1002211480F2641F221
:103D2C000105114645F6C05443F2260E00EB421332
:103D3C004FEA421C01329981042A5981DE819D820D
:103D4C00DC8020F80C101982A3F80CE0EED170BDC9
:103D5C0000C00F40000003FC00C03D4000001E40AE
:103D6C0000401E40074A506A936A19468446506ABE
:103D7C00936A9942F9D18445F7D1DB0B43EA404071
:103D8C00704700BF00400D4008B5D0E900325BB170
:103D9C00BAB10F4BA3FB0213DB0803EB4303B2EBEB
:103DAC0083030AD1012008BD094BA3FB0213DB08D6
:103DBC0003EB4303B2EB830301D0D21A4260F02A27
:103DCC00F0D800F07BF81C22034600201A6008BDD6
:103DDC00ABAAAAAA70B5044638B319B1B2FA82F6E6
:103DEC007609A2B9206800B36268F2B1184B194980
:103DFC0002FB03F3B1EBB30F17D3A368E3B90022B3
:103E0C00012322606260A260E260184670BD1D460C
:103E1C00049BC0E90012C360FFF7B6FF03460028FD
:103E2C00F3D06DB90123184670BD00F047F8162287
:103E3C0000230260184670BD002100F0C5FBDEE7D0
:103E4C00626831462068A56000F0BEFB0123DCE708
:103E5C00ABAAAAAA5555551540EA01039B0730B5E4
:103E6C0001D1032A0FD8844601F1FF3E07E01EF86A
:103E7C00011F03F8011B541EC1B19C462246634628
:103E8C00002AF4D130BD0B468446194653F8045B26
:103E9C00A5F1013424EA050414F0803FE4D1043A7E
:103EAC00032A4CF8045B1946EFD8DDE79444002C48
:103EBC00E8D003F8011B6345FBD130BD014B1868FA
:103ECC00704700BFD4110020F0B5ADF5057D04AFEF
:103EDC00009313464FF400720E460392394603AA20
:103EEC00054601F0B9F888B104460246039B3146F9
:103EFC00284601F033FDBC42039004D028462146ED
:103F0C0001F088FB03980DF5057DF0BD4FF0FF30F7
:103F1C00F9E700BF10B4054C8446134620685DF8E1
:103F2C00044B0A466146FFF7CFBF00BFD4110020F7
:103F3C002DE9F04F01F10B06162E83B0044624D860
:103F4C00102900F2BA8000F0C3FB102618220220C0
:103F5C00B54F3A44A2F1080153688B4200F0BA8085
:103F6C005A68D96822F003021A449D68E9608D6092
:103F7C00516841F001012046516003F1080500F041
:103F8C00ADFB284603B0BDE8F08F36F0070600F114
:103F9C009480B14200F2918000F09AFBB6F5FC7F60
:103FAC00C0F09A81730A00F08F80042B00F26F81AD
:103FBC00B30903F1390003F1380CC3009A4F3B44A9
:103FCC00A3F108055B689D4206D10CE0002980F244
:103FDC002781DB689D4206D05A6822F00302911BB0
:103FEC000F29F3DD60463D69DFF850C265457CD092
:103FFC006A6822F00302931B0F2B00F37B81002BCA
:10400C00C7E904CC80F26C81B2F5007F80F01A8194
:10401C00D308796801334FEA521E012202FA0EF2DC
:10402C000A4357F833E0C5F808E007EBC301083939
:10403C00E9607A6047F83350CEF80C5083100121B8
:10404C009940914257D8114206D120F00300490003
:10405C00114200F10400FAD007EBC0094D46864628
:10406C00D5F80C80454508D11DE1002B80F2248148
:10407C00D8F80C80454500F01681D8F8042022F0C1
:10408C000302931B0F2BF0DD2046D8E9025408EBFA
:10409C00060146F00106C8F80460EC60A56043F028
:1040AC000104C7E90411C1E902CC4C6048F80230A4
:1040BC0000F014FB08F1080502E00C232360002536
:1040CC00284603B0BDE8F08F4FF4007340204FF04A
:1040DC003F0C73E7D3689A4208BF02307FF440AFBD
:1040EC003D69DFF858C1654582D17A68831001219A
:1040FC0099409142A7D9BD686B6823F003094E45DE
:10410C0003D8A9EB06030F2B7ADCDFF834B1474B4D
:10411C00DBF800201B680132334405EB090A00F080
:10412C00338103F580530F3323F47F6828F00F0895
:10413C004146204601F0DCFB411C024600F0F380B6
:10414C00824500F2EE803A4B1968414419600846EA
:10415C0000F04E81DBF80010019301311BBFA2EB84
:10416C000A010918CBF80020196012F0070B00F0B7
:10417C001781CBF108010A44CBF5805190440831EA
:10418C00A1EB0801C1F30B0A51462046009201F045
:10419C00AFFB421CDDE9002300F04F81801A00EBDD
:1041AC000A081968BA6048F001005144BD425060D9
:1041BC00196000F02981B9F10F0F40F2278168686E
:1041CC00A9F10C0C2CF0070C00F0010040EA0C00DB
:1041DC0068604FF0050E05EB0C00BCF10F0FC0E949
:1041EC0001EE00F2328150681546124B1A688A4271
:1041FC0038BF1960104B1A688A4238BF196094E0B6
:10420C00AA1943F0010346F001066E602046BA601D
:10421C00536000F063FA0835284603B0BDE8F08F10
:10422C00D9681A44A1E600BFB80D0020F018002090
:10423C00C0180020E8180020EC180020C00D002049
:10424C00C0110020B2F5206F4FEA522363D3142B18
:10425C0000F2B78003F15C01C9005B3307EB010E80
:10426C007958AEF1080E8E4500F091804B6823F022
:10427C000303934202D989688E45F7D1D1F80CE03B
:10428C007A68C5E9021ECEF80850CD60D6E6142B2C
:10429C0059D9542B00F29D80330B03F16F0003F1BD
:1042AC006E0CC3008AE60EF1010E1EF0030F05F131
:1042BC0008057FF4D5AE51E0424445465368D8F822
:1042CC000C1043F00103536055F8083F2046D960A9
:1042DC008B6000F003FAF3E6F00806F1080237E60B
:1042EC002A442046536843F001035360083500F01C
:1042FC00F5F9E5E6A919204646F0010643F001045C
:10430C006E60C7E90411C1E902CC4C60AB5000F0FF
:10431C00E5F90835D4E6930903F13901C9003833BE
:10432C009CE7BD425FD0BD68686820F00308464535
:10433C00A8EB060302D80F2B3FF762AF204600F024
:10434C00CDF90025BCE603F15C0003F15B0CC30066
:10435C0034E659F808394B4540F0968010F0030FBD
:10436C0000F1FF30F5D17B6823EA01037B60490043
:10437C0099423FF6C0AE19B9BDE649000EF1040EE4
:10438C001942FAD0704667E603F11008D0E69A108D
:10439C004FF001087B6808FA02F21A437A6070E762
:1043AC0002EB08014942C1F30B0A51462046009228
:1043BC0001F09EFA431CDDE900237FF4EFAEDA46F0
:1043CC00EFE6542B25D8130B03F16F01C9006E33A4
:1043DC0044E7B3F5AA7F25D8F30B03F1780003F17A
:1043EC00770CC300EAE5294B186840441860B1E625
:1043FC00CAF30B0CBCF1000F7FF4ACAEBD68C84423
:10440C0048F001006860F0E61546EEE601235360C3
:10441C0094E7B3F5AA7F23D8D30B03F17801C90035
:10442C0077331BE740F25452934223D8B30C03F179
:10443C007D0003F17C0CC300C0E5ABF1080BD84444
:10444C00A8EB02084FF0000AABE605F10801204684
:10445C00009301F0DFF8BD68009B68681968C4E63A
:10446C0040F254518B420BD8930C03F17D01C900DF
:10447C007C33F3E64FF47E737F204FF07E0C9DE58A
:10448C004FF47E717E23E9E67B6870E7C01800204C
:10449C0088420DD98B1883420AD900EB020CBAB1B1
:1044AC00624613F801CD02F801CD9942F9D170475B
:1044BC000F2A0ED8034602F1FF3C4AB10CF1010C55
:1044CC00013B8C4411F8012B03F8012F6145F9D104
:1044DC00704740EA01039B0750D1A2F1100370B55D
:1044EC0001F1200C23F00F0501F1100E00F1100466
:1044FC00AC441B095EF8105C44F8105C5EF80C5C74
:10450C0044F80C5C5EF8085C44F8085C5EF8045CEB
:10451C0044F8045C0EF1100EE64504F11004E9D1E8
:10452C00013312F00C0F01EB031102F00F0400EB3E
:10453C00031327D0043C24F003064FEA940C1E44CA
:10454C001C1F8E465EF8045B44F8045FB442F9D13C
:10455C000CF1010402F0030203EB840301EB840170
:10456C0002F1FF3C4AB10CF1010C013B8C4411F8F7
:10457C00012B03F8012F6145F9D170BD02F1FF3C0D
:10458C0003469BE72246EBE700B50B4C2568144627
:10459C00EE681A4685B003460D464CB107490095A6
:1045AC00CDE901143046064901F03AF9FEF722F83C
:1045BC0004490C46F3E700BFD411002098030020F7
:1045CC00A8030020C8090020830730B548D0541E2A
:1045DC00002A3FD0CAB2034601E0013C3AD303F8AB
:1045EC00012B9D07F9D1032C2DD9CDB245EA052518
:1045FC000F2C45EA054536D9A4F1100222F00F0C18
:10460C0003F1200EE6444FEA121C03F1100242E9BA
:10461C00045542E9025510327245F8D10CF10102F1
:10462C0014F00C0F03EB021204F00F0C13D0ACF1CE
:10463C00040323F003030433134442F8045B934252
:10464C00FBD10CF003042CB1C9B21C4403F8011BC0
:10465C009C42FBD130BD64461346002CF4D1F9E7E3
:10466C0003461446BFE71A46A446E0E770B50D4E64
:10467C000D4D761BB61006D0002455F8043B0134C2
:10468C009847A642F9D1094E094D761B05F020FD3D
:10469C00B61006D0002455F8043B01349847A642C6
:1046AC00F9D170BD801E0060801E0060841E006009
:1046BC00801E0060704700BF704700BF704700BF8E
:1046CC00704700BF014B93F8280170474C0C002039
:1046DC000148FFF7F3BF00BFB81800200148FFF7EF
:1046EC00EFBF00BFB8180020436C70B505460C46F0
:1046FC004BB153F8240080B1026843F82420002306
:10470C00C0E9033370BD2122042100F0A9FB03464C
:10471C0068640028EDD1002070BD012101FA04F677
:10472C00721D9200284600F09BFB0028F3D0C0E9D4
:10473C000146E4E731B1436C4A6853F82200086043
:10474C0043F82210704700BF2DE9F0410E698046F6
:10475C000F461D4601F1140E0020DEF800108CB23D
:10476C0002FB0453090C4FEA134C02FB01CC013041
:10477C009CB204EB0C4486424EF8044B4FEA1C45A9
:10478C00EBDC3DB1BB68B34207DD07EB86030136BA
:10479C005D613E613846BDE8F08179684046013183
:1047AC00FFF7A2FF0446B0B13A69023207F10C01DF
:1047BC0092000C30FDF760FDD8F844307A6853F85D
:1047CC002210396043F82270274607EB8603013626
:1047DC005D613E61DEE7034B03482246BA21FFF7D9
:1047EC00D3FE00BFD8030020EC030020030C1B04F5
:1047FC00D3B90004102310F07F4F04BF000208331C
:10480C0010F0704F04BF0001043310F0404F04BF90
:10481C0080000233002805DB10F0804F03F1010308
:10482C0008BF2023184670470023E4E7036813F001
:10483C00070208D0D9071FD49A0722D55B0803605A
:10484C0001221046704799B209B91B0C1022D9B23B
:10485C0009B908321B0A190704BF1B09043299074E
:10486C0004BF9B080232D90703D45B0802F1010292
:10487C0005D0036010467047002210467047202276
:10488C00DFE79B08022203601046704738B5436C83
:10489C0004460D464BB15868B0B102685A6000220C
:1048AC000123C0E90435C26038BD2122042100F087
:1048BC00D7FA034660640028EDD1094B0948002261
:1048CC0040F24511FFF760FE1C220121204600F04A
:1048DC00C7FA0028F1D001220223C0E90123DEE748
:1048EC00D8030020EC0300202DE9F04F0E69156968
:1048FC00AE4285B08846144605DB2A46234635462B
:10490C000C4616469846A3686168AF19BB42B8BFFF
:10491C000131FFF7E9FE0190002800F08780019B30
:10492C0003F1140909EB870AD14505D24B46002245
:10493C0043F8042B9A45FBD808F1140808EB860BB6
:10494C0004F11403D8451A4603EB85055FD22B1BE3
:10495C00153B23F0030304331534A54238BF04235D
:10496C00CDE902A7AC461F46924605E0090C29D1B9
:10497C00C34509F1040948D958F8041B8DB2002D20
:10498C00F4D056464C46002356F8041B22681FFAF6
:10499C0081FE90B2090C05FB0E00120C034405FBC2
:1049AC00012202EB13429BB243EA0243B44544F8A2
:1049BC00043B4FEA1243E7D849F8073058F8041C77
:1049CC00090CD5D0D9F8003050461A464C46002672
:1049DC000588120C01FB052216449BB243EA0643E0
:1049EC0044F8043B50F8045B22682D0C93B201FB95
:1049FC00053303EB164384454FEA1346E8D8C34509
:104A0C0049F8073009F10409B6D8DDE902A7002FEF
:104A1C0002DC05E0013F03D05AF8043D002BF9D02D
:104A2C00019B18461F6105B0BDE8F08F034B04488D
:104A3C00019A4FF4B171FFF7A7FD00BFD803002016
:104A4C00EC03002012F003032DE9F0411446064656
:104A5C0032D10D46A41020D0D6F84080B8F1000F0A
:104A6C0033D0E3074FF0000707D4641015D0D8F803
:104A7C000000A8B18046E307F7D5424629463046E8
:104A8C00FFF732FFB5B16968736C641053F82120DD
:104A9C002A6043F821500546E9D12846BDE8F0814B
:104AAC00424641463046FFF71FFFC8F8000007603A
:104ABC008046E0E70546D8E7013B0F4A52F8232031
:104ACC000023FFF741FE0546C4E701213046FFF7FE
:104ADC000BFE804640B1012340F27122C0E9043242
:104AEC00002330640360BCE7044B0548424640F2A7
:104AFC004511FFF749FD00BFE8090020D80300204D
:104B0C00EC0300202DE9F0470D4614462F69AB68E5
:104B1C00496807EB62177E1C9E4280464FEA621979
:104B2C0004DD5B009E4201F10101FADC4046FFF717
:104B3C00DBFD8446002852D0B9F1000F00F11402BD
:104B4C000EDD09F105014FEA810E134600EB8101E0
:104B5C00002043F8040B8B42FBD1AEF114031A4432
:104B6C00296905F1140314F01F0E03EB81012ED0FB
:104B7C00CEF1200910464FF0000A1C6804FA0EF41E
:104B8C0044EA0A0440F8044B53F8044B994224FAC3
:104B9C0009FAF2D84B1B153B23F00303043305F140
:104BAC001500814238BF0423BAF1000F18BF3746F5
:104BBC0042F803A0D8F844306A68CCF8107053F867
:104BCC0022102960604643F82250BDE8F087043A71
:104BDC0053F8040B42F8040F9942F9D8EAE7034B57
:104BEC00034862464FF4EF71FFF7CEFCD803002068
:104BFC00EC0300200B6984460069C01A16D10CF135
:104C0C00140C14310CEB830210B401EB830301E0A0
:104C1C00944508D252F8044D53F8041D8C42F7D039
:104C2C0005D24FF0FF305DF8044B70477047012000
:104C3C005DF8044B704700BF2DE9F84F0F691369FD
:104C4C00FF1A002F0E4690467FD101F11405143245
:104C5C0002EB830205EB830301E09D4278D253F80B
:104C6C00041D52F8044DA142F7D069D37168FFF7C7
:104C7C003BFD8146002877D03569D8F81020C760F5
:104C8C0008F1140E06F1140009F1140A06F11001D2
:104C9C000EEB820200EB850756464FF0000C5EF8D7
:104CAC00044B51F804BFA3B21CFA8BFCACEB03030E
:104CBC004FEA144CCCEB1B4C0CEB234C9BB243EA51
:104CCC000C43724546F8043B4FEA2C4CE7D8A2EB58
:104CDC000801153908F11508424521F0030404F1C7
:104CEC00040438BF0424204421F0030238BF0022FE
:104CFC0087425244544418D92646014651F8043B85
:104D0C001CFA83FC4FEA2C4202EB13421FFA8CFC78
:104D1C004CEA02438F4246F8043B4FEA224CEDD852
:104D2C00013F3F1A27F00307E21923B952F8043D5B
:104D3C00013D002BFAD0C9F810504846BDE8F88F59
:104D4C00334601274646984690E7F9DB00278DE766
:104D5C000021FFF7C9FC814668B101220023C9E993
:104D6C0004234846BDE8F88F064B07484A4640F2F4
:104D7C004521FFF709FC034B03484A4640F2372113
:104D8C00FFF702FCD8030020EC0300202DE9F043D0
:104D9C00884683B0012157EC106B1546FFF7A4FC35
:104DAC000446002851D0C7F30A59C7F31303B9F1CD
:104DBC00000F01D043F48013002E019318D101A8E9
:104DCC00FFF734FD019A6261012200F12003226198
:104DDC00B9F1000F25D0A9F2334909EB03022046A3
:104DEC00C3F13503C8F800202B6003B0BDE8F08395
:104DFC0068460096FFF71AFD034610B3DDE9000282
:104E0C00C3F1200102FA01F10143DA406161019220
:104E1C00002AA26114BF022201222261B9F1000F03
:104E2C00D9D1A3F23243C8F8003004EB82031869DD
:104E3C00FFF7DCFCC0EB421320462B6003B0BDE84F
:104E4C00F083009A6261019AE2E7034B0348224621
:104E5C0040F20F31FFF798FBD8030020EC03002041
:104E6C0038B5A1FB02148CBBFFF762F80546E0B124
:104E7C0050F8042C22F00302043A242A17D8132ADF
:104E8C001AD91B2AC0E900441DD9242A14BF00F1E9
:104E9C00100200F118024FF00003C0E9024404BFF5
:104EAC0004614461C2E900339360284638BD214651
:104EBC00FFF78AFB284638BD02460023C2E90033BF
:104ECC009360284638BD00F10802F6E7FEF7F6FFBE
:104EDC000C2300250360E8E7024A0349034800F06D
:104EEC0019BD00BFC811002051660000100B002036
:104EFC000C4B4168994210B5044601D003F068FB95
:104F0C00A168094B994202D0204603F061FBE1688D
:104F1C00064B994204D02046BDE8104003F058BB24
:104F2C0010BD00BFF41800205C190020C41900202B
:104F3C002DE9F8432A4C2B4B2B48DFF8C090DFF8B7
:104F4C00C0802A4F1860002504230822294604F14A
:104F5C005C00274E6566C4E90253C4E90055C4E9F8
:104F6C000455A561FFF730FB224B636708222946E5
:104F7C0004F1C400C4E90749C4E90987C4E91A5516
:104F8C00C4E91E55C4F8CC502567C4F88050E662BD
:104F9C00FFF71AFB184BC4F8DC30294604F1680300
:104FAC00082204F59670C4F88430C4E92298C4E948
:104FBC002476C4E93455C4E93855C4F83451C4F8DE
:104FCC00D850C4F8E850FFF7FFFA04F1D003C4E955
:104FDC003C98C4E93E76C4F8EC30BDE8F88300BFD9
:104FEC00F41800202C1A0020592F00002D39000035
:104FFC004D3900000900010012000200C938000000
:10500C00ED38000010B504460A48FFF757FB636BF8
:10501C0023B9094B094A1B68626323B1BDE81040F0
:10502C000448FFF74DBBFFF783FFBDE81040014874
:10503C00FFF746BBBC1800202C1A0020712F000073
:10504C000148FFF73BBB00BFBC1800200148FFF72D
:10505C0037BB00BFBC18002030B5146815469BB098
:10506C001A4609B1002C19D100214FF42273ADF866
:10507C000C30009104914FF6FF7302910591ADF83D
:10508C000E3069461E9B00F07FFC002813DB009B52
:10509C00286000221A7004981BB030BD4FF4C16315
:1050AC0000910491ADF80C302146E4DA8B230360B7
:1050BC0000201BB030BD0020EEE700BF0000000058
:1050CC0090F800F06DE9024520F007016FF0000C3C
:1050DC0010F0070491F820F040F049804FF00004E4
:1050EC006FF00700D1E9002391F840F000F10800BF
:1050FC0082FA4CF2A4FA8CF283FA4CF3A2FA8CF3F7
:10510C004BBBD1E9022382FA4CF200F10800A4FA5D
:10511C008CF283FA4CF3A2FA8CF3E3B9D1E90423B1
:10512C0082FA4CF200F10800A4FA8CF283FA4CF3E8
:10513C00A2FA8CF37BB9D1E9062301F1200182FAA2
:10514C004CF200F10800A4FA8CF283FA4CF3A2FAA8
:10515C008CF3002BC6D0002A04BF04301A4612BAB6
:10516C00B2FA82F2FDE8024500EBD2007047D1E9B9
:10517C00002304F00305C4F100004FEAC50514F048
:10518C00040F91F840F00CFA05F562EA05021CBF19
:10519C0063EA050362464FF00004A9E72DE9F84FD6
:1051AC001746002900F098800C4607F10B05804645
:1051BC00FFF78EFA162D54F8041C5BD810252A46DE
:1051CC00AF425CD821F003069642A4F1080962DADA
:1051DC00BC4BD3F808C009EB0600844500F097805F
:1051EC00D0F804C02CF0010303445B68DB0768D4DF
:1051FC002CF0030C06EB0C03934247DACB0710D4CC
:10520C0054F8083CA9EB030ADAF8043023F0030144
:10521C008C44B444944580F211817318934280F20B
:10522C00E88039464046FEF783FE0746E0B154F865
:10523C00043C23F001034B44A0F10802934200F01C
:10524C00D280321F242A00F2F580132A00F2AC809F
:10525C0003462246116819605168596092689A6039
:10526C002146404600F0D6F94046FFF737FA38465B
:10527C00BDE8F88F25F00705002D2A46A0DA0C238F
:10528C00C8F8003000273846BDE8F88F1E46D0E934
:10529C000223D3609A60731B0F2B22D8D9F80430E9
:1052AC0003F0010333434E44C9F80430736843F0F0
:1052BC000103736040462746FFF710FA3846BDE8F5
:1052CC00F88FC907ADD454F8083CA9EB030ADAF8F7
:1052DC00041021F00301A0E7BDE8F84F1146FEF7DA
:1052EC0027BED9F8042009EB050102F001024E4457
:1052FC0043F001032A43C9F804204B60736843F060
:10530C00010308317360404600F084F9D2E7DCF801
:10531C00040020F0030B06EB0B0C05F11000844588
:10532C004DDAC9073FF57DAF54F8081CA9EB010A0B
:10533C00DAF8041021F003018B44B34458453FF7CD
:10534C006CAF5746DAF80C1057F8080F321F242AA6
:10535C00C160886000F2DB80132A40F2D68021689D
:10536C00CAF808106168CAF80C101B2A00F2DF801A
:10537C0008340AF110022168116061685160A1685B
:10538C0091600AEB0501ABEB050242F0010299605A
:10539C004A60DAF8043003F001032B434046CAF8A4
:1053AC000430FFF79BF96EE7236803606368436082
:1053BC001B2A68D804F1080200F108034AE709EB3C
:1053CC0005029A60ACEB050343F00103536054F8FB
:1053DC00043C03F001032B43404644F8043CFFF724
:1053EC007DF927464FE750F8043C23F003031E4495
:1053FC0051E75746DAF80C1057F8080F321F242AD9
:10540C00C16088604CD8132A48D92168CAF80810A2
:10541C006168CAF80C101B2A56D808340AF110021D
:10542C001E462368136063685360A3689360D1467B
:10543C003C4630E72146FFF72BF811E7D0E9021381
:10544C005746CB60996057F8081FDAF80C30CB60E0
:10545C00321F242A99602DD8132A29D92368CAF817
:10546C0008306368CAF80C301B2A42D808340AF199
:10547C00100322681A6062685A60A2689A606646D5
:10548C00D1463C4607E7A3688360E368C360242ADF
:10549C0026D004F1100200F11003DBE63A46BFE718
:1054AC00214638461E46D146FEF7F2FF3C46F2E650
:1054BC003B46DEE7214638466646D146FEF7E8FF16
:1054CC003C46E8E6B80D0020A168CAF81010E16867
:1054DC00CAF81410242A20D010340AF118029FE7BD
:1054EC00236903616169416104F1180200F1180339
:1054FC00B0E6A368CAF81030E368CAF81430242A5E
:10550C0021D010340AF11803B3E73A4633E72146A9
:10551C003846FEF7BDFF164B33E72269CAF8182050
:10552C006269CAF81C2018340AF1200278E7A168D5
:10553C00CAF81010E168CAF81410242A0DD01034DF
:10554C000AF1180217E72369CAF818306369CAF818
:10555C001C3018340AF120038BE72269CAF8182092
:10556C006269CAF81C2018340AF1200203E700BF54
:10557C00B80D0020F8B5244F0C460646FFF7A8F8E6
:10558C00BB685D68C4F57E610F3125F003054B19CE
:10559C0023F47F6323F00F03A3F58054B4F5805FED
:1055AC0007DB0021304600F0A3F9BB682B4498427E
:1055BC0004D03046FFF792F80020F8BD6142304627
:1055CC0000F096F901300DD0104ABB682D1B45F048
:1055DC0001055D60136830461B1B1360FFF77EF8F6
:1055EC000120F8BD0021304600F082F9BA68831A18
:1055FC000F2BDEDD43F001035360054B03491B68A1
:10560C00C01A0860D5E700BFB80D0020C0180020F4
:10561C00C0110020002961D0F8B50C460646FFF7F2
:10562C0057F854F8042C7B4FA4F1080522F0010123
:10563C0005EB010CB868DCF80430604523F003037B
:10564C0000F08B80D207CCF8043032D454F8082CFC
:10565C00AD1A1144AA6807F1080082426AD00CEB1B
:10566C000304D4F804E0EC68D4601EF0010FA260CF
:10567C0000F0978041F001036B60CCF80010B1F59D
:10568C00007F35D27868CB080122490901338A4062
:10569C00024357F833107A6007EBC302083AC5E9A6
:1056AC00021247F83350CD603046BDE8F840FFF7A2
:1056BC0015B80CEB03025268D00710D4194407F14B
:1056CC000800DCF80830834273D0DCF80C20DA6078
:1056DC00936041F001036B606950D0E7704741F073
:1056EC000103B1F5007F44F8043CCCF80010C9D399
:1056FC00B1F5206F4FEA512348D28B0903F13900E1
:10570C0003F13802C300F818FB580838984259D0F6
:10571C005A6822F003028A4202D99B689842F7D158
:10572C00D868C5E902308560DD603046BDE8F840D8
:10573C00FEF7D4BF0CEB03025268D20763D40B44C0
:10574C00DCE90212CA60916043F001026A603046E3
:10575C00EB50BDE8F840FEF7C1BF0B44D10707D4AE
:10576C0054F8082CAD1A1344D5E90212CA609160A2
:10577C0043F001026A60284ABD6012689A4293D8CD
:10578C00264B30461968FFF7F5FE8DE7142B0AD926
:10579C00542B1FD80B0B03F16F0003F16E02C300E7
:1057AC00B1E719448DE703F15C0003F15B02C30020
:1057BC00A9E741F00103C7E90455C5E902006B6094
:1057CC00695071E779689210012404FA02F20A43D5
:1057DC007A60A6E7B3F5AA7F06D8CB0B03F1780065
:1057EC0003F17702C3008EE740F25452934206D87D
:1057FC008B0C03F17D0003F17C02C30083E74FF4B3
:10580C007E737E227FE741F001036B60CCF80010C1
:10581C004AE700BFB80D0020C4110020F01800208A
:10582C000EB410B583B005AB064C53F8042B0193A2
:10583C000146206801F086FE03B0BDE8104003B0BD
:10584C00704700BFD411002010B50C46B1F90E10F2
:10585C0004F0B0F8002803DB236D0344236510BD6E
:10586C00A38923F48053A38110BD00BF2DE9F0411F
:10587C000C46B1F90C101F46CB05054616460BD449
:10588C0021F48051A1813B46B4F90E1032462846D2
:10589C00BDE8F04100F062B8B4F90E10022300220A
:1058AC0004F072F8B4F90C10EAE700BF10B50C461E
:1058BC00B1F90E1004F068F8A389421C0EBF23F452
:1058CC00805343F480532065A38110BDB1F90E10B1
:1058DC0003F0CCBE49B1FF2A02D80A7001207047F0
:1058EC008A2303604FF0FF3070470846704700BFB3
:1058FC0038B5074D0022044608462A60FCF74EFED8
:10590C00431C00D038BD2B68002BFBD0236038BD66
:10591C00401A00202DE9F84380460F4616464FF0FA
:10592C000009D6E90154013D11D4A389012B05F1DD
:10593C00FF3508D9B4F90E300133214603D0404667
:10594C00B84749EA00096B1C04F16804EDD13668CC
:10595C00002EE6D14846BDE8F88300BF38B50C46AA
:10596C00084D8446114620461A4600232B60644697
:10597C00FCF79EFB431C00D038BD2B68002BFBD0E2
:10598C00236038BD401A00202DE9F04F2DED088B17
:10599C00D1B00C460BEE101A90460893834602F0D9
:1059AC0013FE036812931846FFF78AFB20AF109082
:1059BC00082200213846FEF707FEA3891B0603D5F3
:1059CC002369002B00F0558700239FED838B9FEDFF
:1059DC00849BCDE92533CDE91333CDE9153327AAC3
:1059EC000E9324929246119304934446A1467E4B07
:1059FC00D3F8E450FEF766FE4A4603461CA900970E
:105A0C005846A847002800F0B080C0F2A6801C9A27
:105A1C00252A034601D09944E9E7B9EB040506466B
:105A2C0040F0A78000234FF0FF328DF86730984686
:105A3C00069309F1010999F8003003922B252026D1
:105A4C0009F10109A3F120025A2A00F2CF80DFE804
:105A5C0012F0E802CD00CD00E302CD00CD00CD0068
:105A6C006A00CD00CD0005028402CD001002C902EF
:105A7C00CD00BD025B005B005B005B005B005B006C
:105A8C005B005B005B00CD00CD00CD00CD00CD00F8
:105A9C00CD00CD005301CD0083011A0253015301F7
:105AAC005301CD00CD00CD00CD001502CD00CD00B1
:105ABC009602CD00CD00CD00AB01CD00AA02CD00E9
:105ACC00CD00E306CD00CD00CD00CD00CD00CD0046
:105ADC00CD00CD005301CD008301DE0153015301F4
:105AEC0053017702DE017F00CD008902CD005F02F9
:105AFC00E0062F027F00CD00AB017C00B806CD0084
:105B0C00CD00BD06CD007C00A3F13002002119F8B8
:105B1C00013B01EB810102EB4101A3F13002092AA7
:105B2C00F5D906918EE7584602F04EFD4368159361
:105B3C001846FFF7C5FA1690584602F045FD8368E3
:105B4C001393169B002B40F02D8699F8003077E7C5
:105B5C0099F8003048F0200872E7082200213846F6
:105B6C00FEF732FD0123994441E7B9EB04050646E3
:105B7C0011D0269B2B442693259B0133072BCAE976
:105B8C00004525931CDC0AF1080A049B2B44049362
:105B9C00002E7FF447AF269B002B41F00B821BEEAF
:105BAC00103AB3F90C3013F0400F049B18BF4FF0B0
:105BBC00FF330493049851B0BDEC088BBDE8F08F13
:105BCC001BEE101A24AA584604F00EF90028E6D150
:105BDC000DF19C0AD9E700BF000000000000000096
:105BEC00FFFFFFFFFFFFEF7F4C0C00200B93002B00
:105BFC00D1D00021CDE90C118DF8DC3001238DF8CA
:105C0C00671002930791059303910F9137AC18F02D
:105C1C000203099302D0029B0233029318F084030F
:105C2C000A9305D1069B029A9D1A002D00F36983F5
:105C3C00269A89B125990DF1670001310132CAF814
:105C4C00000007294FF0010026922591CAF80400A4
:105C5C0000F3A2830AF1080A099B83B1259B1AA9B8
:105C6C0001330232CAF80010072B4FF002012692C2
:105C7C002593CAF8041000F3A3830AF1080A0A9BBF
:105C8C00802B00F06C82039B05995D1A002D00F3AC
:105C9C00A58218F4807F40F00D82059BCAF8043071
:105CAC001A44259BCAF800400133072B26922593F2
:105CBC0000F31B830AF1080A18F0040F05D0069BA9
:105CCC0002995C1A002C00F38883049B06990298B5
:105CDC008142ACBF5B181B180493002A40F0B082C1
:105CEC0000232593079B1BB107995846FFF792FC9D
:105CFC000DF19C0A4C4679E60B93089B073323F075
:105D0C000703B3EC028BB0EEC87BB4EE497BF1EE2B
:105D1C0010FA089340F3E984B5EEC08BF1EE10FA5B
:105D2C0001F159809DF86710AB4CAC4B28F0800802
:105D3C000B9A472AC8BF1C460023CDE90C3303221B
:105D4C0007930292059203930F9300293FF45FAFE0
:105D5C00029B013302935AE7432B0B9303D018F0A9
:105D6C00100F00F05D85089D0822002122A837AC99
:105D7C00FEF72AFC22AB55F8042B2146584602F0BC
:105D8C00FDFB03460133059001F0EE82059B08955F
:105D9C0023EAE37302930021CDE90C118DF867100F
:105DAC00079103910F9132E70B93089B1A4600233E
:105DBC008DF86730134653F8044B0893002C00F011
:105DCC0048850B9B532B00F0EC8618F010030C93BA
:105DDC0040F0E786039B5D1C01F0E5800C991A46A8
:105DEC00204603F01DFD0790002801F02883079B37
:105DFC001A1B05920C9B039322EAE2720F930D93EC
:105E0C00079373239DF8671002920B939DE718F08C
:105E1C00200F0B93089B3DD0073323F007031A4642
:105E2C0011465B6851F8082B08911946002BC0F2FB
:105E3C000C84039B013300F09E8228F0800052EA10
:105E4C000103029040F09982039B002B40F09A8250
:105E5C00804600230393059350AC06E1089B53F84E
:105E6C00042B0692002A80F21984069A0893524257
:105E7C00069299F8003048F00408E1E599F80030F2
:105E8C0048F00808DCE548F0100818F0200F0B93D8
:105E9C00089BC1D118F0100F40F00B8418F0400F84
:105EAC0000F0038433F9042B0893D1170B46BDE79C
:105EBC00089B48F00202029253F8042B089347F611
:105ECC003003ADF868307820454B11930021022344
:105EDC000B900020039C8DF86700601C00F0AD80D7
:105EEC00029820F0800852EA010040F0A480002CB7
:105EFC0040F0AE86002BACD1029B13F0010305934E
:105F0C0000F0D18330238DF83F310DF23F14ACE01B
:105F1C0018F0200F40F0D48318F0100F40F09F863B
:105F2C0018F0400F40F0978718F4007F00F0978628
:105F3C00089B049953F8042B089311704C4655E5B3
:105F4C0099F80030682B03BF99F8013048F40078B9
:105F5C0009F1010948F0400872E599F800308DF814
:105F6C0067506DE599F800306C2B03BF99F8013040
:105F7C0048F0200809F1010948F0100860E50B937E
:105F8C0048F0100818F0200100F05183089B0733EB
:105F9C0023F00703596853F8082B089328F48063FF
:105FAC000293002395E70B9348F010030293029B96
:105FBC0013F0200100F02983089B073323F007031B
:105FCC00596853F8082B0893012382E799F800309D
:105FDC0048F0800834E500BFB8050020BC0500205F
:105FEC00C8050020494611F8013B2A2B01F04982D3
:105FFC00A3F13002092A894698BF002101F244819D
:10600C0019F8013B01EB810102EB4101A3F13002D4
:10601C00092AF5D9039115E599F8003048F00108E3
:10602C000EE59DF86730002B7FF48FAD99F80030AA
:10603C008DF8676004E5CDF80880012B00F09D8198
:10604C00022B50AC20D1119802F00F031209C35C43
:10605C0004F8013D42EA0172090952EA0103F3D145
:10606C0050AB1B1BDDF808800593059A03989DF82F
:10607C00671082424FF00003B8BF0246CDE90C33E3
:10608C00079302920F9360E602F00703D20842EAEC
:10609C004172C908303352EA0105204604F8013D2B
:1060AC00F2D1029AD10700F14D8250AB1B1B9046E6
:1060BC000593DAE70B9B652B40F3D480B5EE408B50
:1060CC00F1EE10FA40F0C181259BBA49CAF80010D4
:1060DC00013301320121072B26922593CAF80410B3
:1060EC0000F351850AF1080A1B9B0E998B4280F232
:1060FC00D082109B12991A44CAE90013259B269250
:10610C000133072B259300F397830AF1080A0E9BA2
:10611C005C1E002C7FF7D0AD102C259B40F36E85B8
:10612C001BEE106A102505E00AF1080A103C102C31
:10613C0040F364850133A0491032072BCAE90015DE
:10614C00CDE92532F0DD24AA3146584603F04CFE49
:10615C0000287ED1DDE925320DF19C0AE6E7069B8D
:10616C0002995D1A002D7FF78EAD102D259B21DD38
:10617C00099410261BEE104A04E0103D102D0AF174
:10618C00080A16DD01338C491032072BCAE90016B8
:10619C00CDE92532F1DD24AA214658460DF19C0AA1
:1061AC0003F022FE002854D1103D102DDDE92532DC
:1061BC00E8DC099C8049CAF8045001332A44072BB7
:1061CC00CDE92532CAF8001000F32685039B05990A
:1061DC005D1A002D0AF1080A7FF75BAD102D259B87
:1061EC001FDD514610261BEE10AA04E0103D102DA9
:1061FC0001F1080114DD01336F481032072BC1E99E
:10620C000006CDE92532F1DD24AA5146584603F0AB
:10621C00EBFDF0B9103D102DDDE9253227A9EADCA4
:10622C008A4601336449CAF804502A44072BCDE945
:10623C002532CAF8001000F3DA810AF1080A28E5C1
:10624C001BEE101A24AA584603F0CEFD00283FF48A
:10625C0047AD079B002B3FF4A2AC07995846FFF7BC
:10626C00D9F99CE40E9B012B40F37A81259BCAF84B
:10627C000040013301320121072B26922593CAF8E5
:10628C00041000F3F8810AF1080A109912980133EE
:10629C000A44072BCAE90001CDE9253200F3DD8160
:1062AC000AF1080AB5EE408BF1EE10FA00F0778196
:1062BC000E990133013901340A44072BCAF8004006
:1062CC002593CAF80410269200F35B810AF1080AA0
:1062DC001499CAF8041001330A44072B1EA9CDE9FE
:1062EC002532CAF800107FF7E5AC1BEE101A24AA71
:1062FC00584603F079FD0028ABD1269A0DF19C0A83
:10630C00DAE4102DDDE925122C4E24DD1794102330
:10631C001BEE104A084604E0103D102D0AF1080A45
:10632C0017DD013010320728CAE90063CDE92502D8
:10633C00F2DD24AA214658460DF19C0A03F054FDC7
:10634C00002886D1103D102DDDE925024FF01003F9
:10635C00E7DC179C014601312A440729CDE92512B7
:10636C00CAF80060CAF8045000F3BD839DF86710AA
:10637C000AF1080A5DE4CDF808800A2A71F10003DD
:10638C0080F0458330320123DDF808808DF83F2101
:10639C0005930DF23F1468E61BEE101A24AA58461A
:1063AC0003F022FD00287FF454AF269A0DF19C0ACD
:1063BC0052E400BFF8050020EC0A0020FC05002088
:1063CC001BEE101A24AA584603F00EFD00287FF489
:1063DC0040AF269A0DF19C0A51E4102C259BBE4E21
:1063EC001FDD1BEE108A102504E0103C102C0AF166
:1063FC00080A16DD01331032072BCAE90065CDE916
:10640C002532F2DD24AA414658460DF19C0A03F0D0
:10641C00EBFC00287FF41DAF103C102CDDE925327D
:10642C00E8DC01332244072BCAE90064CDE92532AC
:10643C007FF74BAC1BEE101A24AA584603F0D4FC81
:10644C0000287FF406AF269A3FE41B99002940F3FD
:10645C005A830C9E0E9B9E42A8BF1E46002E0BDD3F
:10646C00259B01333244072BCAE90046269225931B
:10647C0000F389860AF1080A0C9D002EA8BFAD1BFB
:10648C00002D00F303820C9B18F4806F23440593BA
:10649C0040F01F821B9B0E998B4203DB18F0010FFF
:1064AC0000F0CF84109912980A44CAE9000125998A
:1064BC00269201310729259100F3A5860AF1080AD5
:1064CC000E996518CC1A059BED1AA542A8BF254656
:1064DC00002D0DDDCAF80030259BCAF8045001339D
:1064EC002A44072B2692259300F3BB860AF1080A4F
:1064FC00002DA8BF641B002C7FF7DEAB102C259B56
:10650C0040F37C831BEE106A102505E00AF1080AA3
:10651C00103C102C40F37283013370491032072B5E
:10652C00CAE90015CDE92532F0DD24AA31465846DA
:10653C0003F05AFC00287FF48CAEDDE925320DF116
:10654C009C0AE5E7302B3FF48BAD3023023804F87E
:10655C00013C50AB1B1ADDF808800593044684E51A
:10656C0018F0010F7FF482AE259BCAF8004001336E
:10657C0001320121072B26922593CAF804107FF7CC
:10658C00A5AE1BEE101A24AA584603F02DFC0028C9
:10659C007FF45FAEDDE925320DF19C0A98E60E9989
:1065AC004C1E002C7FF794AE102C40F361831BEE35
:1065BC00106A102505E00AF1080A103C102C40F373
:1065CC005783013345491032072BCAE90015CDE931
:1065DC002532F0DD24AA3146584603F005FC00288C
:1065EC007FF437AEDDE925320DF19C0AE5E71BEEB1
:1065FC00101A24AA584603F0F7FB00287FF429AEA2
:10660C00269A0DF19C0AFFF744BB029B13F0100372
:10661C0040F0C180029A12F0400200F07A83089890
:10662C0050F8042B0890194692B2012351E418F04B
:10663C00100355D118F0400200F05D83089850F813
:10664C00042B0890194692B2A8E4524261EB410126
:10665C00CDF808802D2001233CE41BEE101A24AA4F
:10666C00584603F0C1FB00287FF4F3ADDDE9253279
:10667C000DF19C0A16E61BEE101A24AA584603F0DC
:10668C00B3FB00287FF4E5ADDDE925320DF19C0A62
:10669C00FBE518F0010F3FF40FAB2AE5089399F8CE
:1066AC000030FFF7CDB950ACDFE418F4007F40F0B8
:1066BC00DB8353F8042B0893D1170B46FFF7B6BBBB
:1066CC00089B049853F8041B0893C217C1E90002F5
:1066DC004C46FFF78BB900BFFC050020EC0A0020EC
:1066EC00089B53F8042B089358E4B4EE488BF1EE56
:1066FC0010FA80F194860B9B612B00F05285412B94
:10670C0000F0C085039B01330B9B23F0200500F0A8
:10671C008084472D04D1039B002B08BF01230393D6
:10672C0018EE903A002B48F480724646C0F2188658
:10673C00B0EE48AB00239046099307930B9B413B6B
:10674C00252B00F29883DFE813F06F049603960371
:10675C00960368046C0496039603960396039603BB
:10676C009603960396039603960396039603960355
:10677C009603960396039603960396039603960345
:10678C009603960396039603960396039603960335
:10679C00960368046C04089B53F8042B089301239C
:1067AC00FFF797BB139B002B3FF4CFA9139B1B78D0
:1067BC00002B3FF4CAA999F8003048F48068FFF721
:1067CC003FB90B93CDF80880FFF7F1BB0B939A4BB5
:1067DC00119318F0200100F00581089B073323F07A
:1067EC000703596853F8082B089318F0010F0AD0C7
:1067FC0052EA010307D00B9B8DF86930302348F027
:10680C0002088DF8683028F4806302930223FFF7A6
:10681C0060BB0B93FFF7B6BB0B93884B1193D8E778
:10682C00089B012153F8042B02918DF8DC2008936E
:10683C00059137ACFFF7AFBA1BEE101A24AA5846D5
:10684C0003F0D2FA00287FF404AD269A0DF19C0ACD
:10685C005DE4039B0794062B224628BF0623039472
:10686C002146CDE90C22764C029305930F92FFF74B
:10687C006CBA40215846FDF75BFB20602061002874
:10688C0000F00F8640236361FFF79EB8102D259B07
:10689C0040F35D82514610261BEE10AA04E008312D
:1068AC00103D102D40F35282013366481032072BF5
:1068BC00C1E90006CDE92532F1DD24AA514658463E
:1068CC0003F092FA00287FF4C4ACDDE9253227A945
:1068DC00E6E70E9BCDF82490E31803930D9BCDF8BF
:1068EC002880139E059DDDF85890DDF83C800B94B4
:1068FC001BEE101A5046002B34D0B8F1000F35D1D6
:10690C000D9B013B013E0D93159BC0E90039259B66
:10691C0001334A44072B269225936CDC0830039BE9
:10692C0096F800C05B1B6345A8BF6346002B9A46D4
:10693C000CDD259C01341A44072CC0E90053269227
:10694C00259400F3778196F800C00830BAF1000F57
:10695C00ACBFACEB0A046446002C0ADC65440D9B0E
:10696C00002BCAD1B8F1000F00F0AC8308F1FF384E
:10697C00CAE7102CDDF894C024DD05954FF0100A01
:10698C0063460D4604E0103C102C00F1080016DDA7
:10699C0001332C491032072BC0E9001ACDE92532FE
:1069AC00F1DD24AA2946584603F01EFA00287FF48C
:1069BC0050AC103C102CDDE9253227A8E8DC294628
:1069CC00059D9C460CF1010322444460072B1D4C91
:1069DC000460CDE9253200F3C68396F800C0083078
:1069EC006544BCE718F0100300F0C280089B53F814
:1069FC00042B0893F9E624AA5846059103F0F4F900
:106A0C0000287FF426AC269A059927A887E70298D8
:106A1C00CDF81CA050AC00F4806000250AEE10BA32
:106A2C00094BDDF84CA0CDF81490A3464FF00508A7
:106A3C00AC46044610E000BFC8050020DC05002071
:106A4C00F0050020EC0A0020CDCCCCCC0A2A71F148
:106A5C00000136D34A463146501840F10000A3FBE2
:106A6C00005626F0030505EB9605401B151A4FF052
:106A7C00CC3661F1000E06FB05F6A5FB039503FB76
:106A8C000E6609F0010E2E44AEFB085E2D184FEA7F
:106A9C00590930350BF8015C49EAC6790CF1010C47
:106AAC000BF1FF3B7608002CD0D09AF800008445FF
:106ABC00CCD1BCF1FF0FC9D00A2A71F1000180F0D2
:106ACC008F815C4650AB1B1BDDF81490CDF84CA0AD
:106ADC001AEE10BADDF81CA0DDF80880CDF838C02D
:106AEC000593FFF7C2BA1BEE101A24AA584603F0FE
:106AFC007BF900287FF4ADAB9DF86710269A0DF159
:106B0C009C0AFFF796B8259BBE48CAF800000133D3
:106B1C0001320120072B26922593CAF8040000F3BA
:106B2C0077810AF1080A002940F0AF800E9908F02D
:106B3C0001030B433FF4C0A8109B12991A44CAE9F5
:106B4C000013259B26920133072B259300F35282C9
:106B5C000AF1080A0E99CAF8004001330A44072BBF
:106B6C00CDE92532CAF804107FF7A4A8FFF7BDBB06
:106B7C0018F0400200F0DD80089850F8042B0890C3
:106B8C00194692B231E61BEE101A24AA584603F0AD
:106B9C002BF900287FF45DAB269A0DF19C0AFFF7C8
:106BAC00A3BA22AE0822002130461D94FDF70CFD3D
:106BBC00039B5A1C00F0DB800025CDF80890CDF823
:106BCC001C809946A8460CE037A9584601F0D6FC23
:106BDC00431C404400F0C883484508DC00F018848E
:106BEC0080461D9A525933460435002AECD1CDF813
:106BFC001480DDF80890DDF81C80C5E00133824973
:106C0C00CAF804402244072BCAF80010CDE92532FB
:106C1C007FF750A8FFF769BB1BEE101A24AA584641
:106C2C0003F0E2F800287FF414AB269A0DF19C0ACD
:106C3C00FFF729B824AA5846059103F0D5F8002887
:106C4C007FF407AB96F800C0269A059927A87DE635
:106C5C00012BCDF808807FF4F3A9FFF793BB089BB9
:106C6C00049953F8042B4C4611600893FEF7BEBEF2
:106C7C0001336549CAF804402244072BCDE925327B
:106C8C00CAF800107FF722AB7BE4109B12981A44D1
:106C9C00CAE90003259B26920133072B259300F3A9
:106CAC00A9810AF1080A0029BFF654AF4D421031F0
:106CBC0080F20F831BEE101A102605E00AF1080A69
:106CCC00103D102D40F3058301334F481032072B34
:106CDC00CAE90006CDE92532F0DD24AA5846039115
:106CEC0003F082F800287FF4B4AADDE92532039979
:106CFC000DF19C0AE4E7089B18F400711ABF1146C9
:106D0C0053F8042B53F8042B089318BFD2B2FFF797
:106D1C0045B9029B13F40071089B1ABF114653F836
:106D2C00042B53F8042B089318BFD2B20123FFF79E
:106D3C00D0B8089B18F400711ABF114653F8042BF5
:106D4C0053F8042B089318BFD2B24EE58A46013390
:106D5C002D49CAF804502A44072BCDE92532CAF82C
:106D6C00001000F339810AF1080AFFF78CBB0023ED
:106D7C00194600961DAA584601F060FD03460133E2
:106D8C00059000F0F1821D94059B002B4ED0632BD7
:106D9C0000F318810023079337AC082200213046FA
:106DAC00FDF712FC059D00962B461DAA2146584660
:106DBC0001F044FD854240F07C83059A0023A354E6
:106DCC0022EAE272CDE90C339DF86710039302922C
:106DDC000F93FEF7BABF2D218DF86710FEF7A4BFF5
:106DEC00169B1599ABEB030B1A465846FDF734F876
:106DFC009AF80120054B0AB10AF1010A4FF0000C78
:106E0C0028E600BFF8050020EC0A0020CDCCCCCC45
:106E1C001BEE101A24AA584602F0E6FF00287FF455
:106E2C0018AA1B99269A0DF19C0A7CE6059B9DF8E5
:106E3C0067100F93CDE90233CDE90C330793FEF7BE
:106E4C0084BF0E99059865182D1ACC1AA542A8BFB7
:106E5C002546FFF74DBB089B049953F8042B089368
:106E6C0011804C46FEF7C2BD13F9042B0893D117C1
:106E7C000B46FEF7DBBF039A022122AB01931DAB3D
:106E8C00009358461BABB0EE4A0B029201F078FD12
:106E9C00472D029A044600F06181462D104405D11D
:106EAC002378302B00F06F821B9A1044B5EE40AB68
:106EBC00F1EE10FA40F0468103461B1B0E93472D52
:106ECC0000F01081462D00F0B5811B9B0C930C9BA0
:106EDC00412D03F1FF331B9300F0E5819DF82C202D
:106EEC000021002BB8BF0C9B8DF87820BABFC3F1E2
:106EFC0001032D222B22092B8DF8792040F3DA8106
:106F0C000DF18F05DFF81CC42A4610468CFB0321BB
:106F1C00DA17C2EBA10202EB8201A3EB4101303183
:106F2C0000F8011C19466329134600F1FF32ECDC12
:106F3C003033D9B2831E9D4202F8011C40F28B8281
:106F4C0013460DF17A0201E013F8011B02F8011B44
:106F5C009D42F9D10DF191030DF17A021B1A1344E4
:106F6C001EAA9B1A14930E9B149A012B1A44059279
:106F7C0040F30382059B109A1344059326F4806317
:106F8C00059A43F480780023CDE90C3322EAE272AF
:106F9C000F930292099B002B40F0B1809DF8671073
:106FAC000393FEF7D2BE2046FEF78AF80246059000
:106FBC00FEF720BF1BEE101A24AA584602F014FF4D
:106FCC00FEF7EDBD591C5846FCF7B2FF04460028ED
:106FDC0000F0CA810790E0E61BEE101A24AA58466E
:106FEC0002F002FF00287FF434A9269A0DF19C0AC6
:106FFC00FFF749BA1BEE101A24AA584602F0F4FE09
:10700C0000287FF426A9DDE925321B990DF19C0A95
:10701C0049E606230393FFF783BB039B02215A1C0B
:10702C002BE7039A032128E71BA8B0EE4A0B02F0CA
:10703C0047FCB4EE007B20EE070BB5EE400BF1EEF7
:10704C0010FA01D101231B93B348039BB3EE005BF1
:10705C00013B224604E0B5EE400BF1EE10FA13D0E2
:10706C0020EE050BFDEEC07BB3F1FF3F17EE901A3F
:10707C00415CB8EEE76B944630EE460B02F8011B10
:10708C00194603F1FF33E6D1B6EE006BB4EEC60B36
:10709C00F1EE10FA00F34881B4EE460BF1EE10FA63
:1070AC0004D117EE903ADB0700F13E81002906DB94
:1070BC004B1C1344302102F8011B9342FBD1131BD0
:1070CC000E93FCE60B9C0E9BDDF82490DDF82880DB
:1070DC001396E3189D42294628BF1946824605910E
:1070EC00FFF7D8B91B9B0C93DA1C02DB039A934273
:1070FC000CDD0B9B023B0B9323F02005E7E62D21C7
:10710C0000238DF867100393FEF722BE0C9B0E9A9A
:10711C009342C0F2BD80F0070C9B40F13281109A73
:10712C0013440593710503D50C9B002B00F335819B
:10713C00059B23EAE373029367230B9300230F93BE
:10714C000D9327E7229B8342BFF4B7AE30215A1C24
:10715C0022921970229B9842F9D8AEE6F30700F1FF
:10716C00A780229BA9E624AA5846059102F03CFE72
:10717C0000287FF46EA896F800C0269A059927A8D7
:10718C006544FFF7ECBB1BEE101A24AA584602F01C
:10719C002BFE00287FF45DA8269A0DF19C0AFFF7C0
:1071AC006BB978238DF8693030238DF86830039BE8
:1071BC00632B48F0020600F3A6800023079337AC3C
:1071CC0018EE903A002B48F481782BDBB0EE48ABEC
:1071DC000B9B23F02005002309930B9B612B7FF461
:1071EC00ADAAB0EE4A0B1BA802F06AFBB4EE007B12
:1071FC0020EE070BB5EE400BF1EE10FA01D1012396
:10720C001B93464821E71BEE101A24AA584602F09D
:10721C00EBFD00287FF41DA81B9B269A0DF19C0A00
:10722C00FFF74EB90B9B23F020052D230993B1EEEC
:10723C0048ABD2E71B9A0C92002A06F0010340F3EC
:10724C000D8103990B4340F0CF800C9B0593662373
:10725C000B93720500F1A380059B23EAE373029361
:10726C006CE71BEE101A24AA584602F0BDFD00284C
:10727C007EF4EFAF1B9C0E9B269A1C1B0DF19C0AF7
:10728C00FFF736B958238DE700220392FEF7DABBDD
:10729C000E9B109A9A180C9B0592002B40F3AB8016
:1072AC0067230B93D5E70B9A0F32D2B2012118E664
:1072BC00A018FBE5002940F0A88030228DF87A2038
:1072CC000DF17B02303302F8013B1EABD31A149341
:1072DC0049E601331249CAF804502A44072BCDE978
:1072EC002532CAF800107FF733AC1BEE101A24AA13
:1072FC00584602F079FD00287EF4ABAFDDE925326B
:10730C000DF19C0A26E4591C5846FCF711FE044664
:10731C0050B3079054E700BFDC050020C8050020DF
:10732C00EC0A002067666666CDF888C012F8011C6E
:10733C0090F80FC0614513460AD14FF0300E03F898
:10734C0001EC229B591E229113F8011C8C45F6D09E
:10735C00392916BF0131817AC9B203F8011CAEE696
:10736C0000239046079360E71BEE102AB2F90C300D
:10737C0043F040039381FEF716BCF5077FF5FEAD95
:10738C00F8E50593CEE6B5EE40ABF1EE10FA3FF41E
:10739C008BADC2F101021B9287E567230B93139906
:1073AC000B78FF2B79D000250C9A284603E001308E
:1073BC000131FF2B08D0934206DAD21A4B78002BFE
:1073CC00F5D10B780135F4E70C9213910D900F95D4
:1073DC000F9A0D9B16991344059A01FB03230593F1
:1073EC0023EAE3730293D5E5109BD3181944662363
:1073FC0005910B932DE7C3F101031A4422EAE273C2
:10740C000293672305920B9398E60DF17A0259E7E4
:10741C00039BDDF80890DDF81C800593B4E418EEAE
:10742C00903A002BB4BF2D219DF86710254C264BAC
:10743C00B8BF8DF8671028F08008FEF779BC039B65
:10744C000293059373239DF8671003900F900D9092
:10745C000B93FEF77ABC0223149384E5039A13432F
:10746C0005D10123662202930B92059366E6109BCD
:10747C0001331A4422EAE2730293662305920B93BA
:10748C005CE6089A99F80130894652F8041B089278
:10749C0041EAE1710391FEF7D3BA00230F930D93E8
:1074AC0096E70C23CBF800304FF0FF330493FEF734
:1074BC0081BB1BEE102A938943F040039381FEF7A6
:1074CC00C8BE00BFC0050020C40500202DE9F84F40
:1074DC004B6E9C0490462DD59368126843B38B4633
:1074EC00064602F1080959E9025A5FEA9A0715D0D3
:1074FC00043D002401E0A7420ED055F8041F5A4663
:10750C00304602F0C3FA431C04F10104F3D100230A
:10751C00C8E90133BDE8F88FD8F808302AF0030A1F
:10752C00A3EB0A03C8F8083009F10809002BDAD1DB
:10753C000020ECE702F0DEFA0023C8E90133BDE8D5
:10754C00F88F00BF2DE9F04F2DED028BC5B00DF17A
:10755C00500A834608EE101A16460021082250469F
:10756C001C460793FDF730F8BBF1000F04D0DBF895
:10757C003430002B00F0A08618EE102A536EDB0777
:10758C0040F11385B2F90C108AB295040BD418EEA5
:10759C00103A41F4005199815B6E8AB218EE101AC0
:1075AC0023F400534B66100740F1058118EE103A96
:1075BC001B69002B00F0FF8002F01A030A2B00F06D
:1075CC000A810023CDE91933CDE90D331BAA0C93A5
:1075DC00189291460B930593B0464446A84BD3F8AA
:1075EC00E450FDF76FF82246034612A9CDF800A02F
:1075FC005846A847002800F04581C0F23981129AFC
:10760C00252A034601D01C44E8E7B4EB08060546DE
:10761C0040F03C81002361788DF8433004F101087F
:10762C0006934FF0FF371E462B2408F10108A1F1F9
:10763C0020035A2B00F27881DFE813F0B5027601B3
:10764C007601B0027601760176016A007601760148
:10765C007D028D02760188029702760192025B0010
:10766C005B005B005B005B005B005B005B005B0036
:10767C007601760176017601760176017601760146
:10768C0076015C0284007601760176017601760142
:10769C0076017601760176017601E80076017601B5
:1076AC00760133027601DA02760176018B057601DA
:1076BC007601760176017601760176017601760106
:1076CC0076015C028600760176017601CD02860099
:1076DC007F007601C0027601FD02EA00ED027F0018
:1076EC00760133027C006905760176016B05760123
:1076FC007C00A1F13003002218F8011B02EB82027E
:10770C0003EB4202A1F13003092BF5D906928EE767
:10771C00584600F059FF43680D931846FDF7D0FC0E
:10772C000E900546584600F04FFF83680B93002DD2
:10773C0040F0D68498F8001077E798F8001046F0DF
:10774C00200672E746F01006B40640F18E81079BC6
:10775C00073323F007031A46596852F8083B07927F
:10776C000A460029C0F27084791C00F0A28526F02C
:10777C008001039153EA020100F03F840A2B72F15D
:10778C00000180F0418530338DF80F31039E0123C9
:10779C0004930DF20F14049BBB42B8BF3B460393FA
:1077AC00002308939DF84330002B00F0CB80039B03
:1077BC0001330393C6E018EE101A584618EE105A0F
:1077CC0000F06AFF002840F05286AA8902F01A03E2
:1077DC000A2B7FF4F6AE18EE101AB1F90E30002B0E
:1077EC00FFF6EFAE4B6EDB0702D4970540F1128625
:1077FC0018EE101A23463246584600F069FE0590E2
:10780C00059845B0BDEC028BBDE8F08F46F0100634
:10781C0016F0200200F03681079B073323F0070394
:10782C0019465A6851F8083B079126F48061039178
:10783C00002100208DF84300781C00F01082039882
:10784C0020F0800653EA020040F00882002F40F03E
:10785C003885002940F0D583039B13F00103049372
:10786C0000F0118430238DF80F310DF20F1492E7D4
:10787C00082200215046FCF7A7FE01231C44ADE66C
:10788C004C0C0020B4EB080605461BD0199B1A9A29
:10789C0001333244072BC9E900861A9219931CDD77
:1078AC00002A00F0A68318EE101A18AA5846FFF703
:1078BC000DFE20BB0DF16C09059B33440593002D87
:1078CC007FF4A8AE1A9B002B40F0C18518EE103A3D
:1078DC000022B3F90C30199215E009F10809EBE715
:1078EC0018EE101A18AA5846FFF7F0FD002800F001
:1078FC00A680089B1BB108995846FDF78BFE18EE25
:10790C00103AB3F90C3018EE102A526E12F0010F27
:10791C009AB200F0A080500600F1B285059845B0EF
:10792C00BDEC028BBDE8F08F0029CBD000238DF885
:10793C0043300123CDE903338DF8AC102BAC00237D
:10794C0008931F4616F00203099302D0039B0233DF
:10795C00039316F084030A9305D1069B039A9D1A90
:10796C00002D00F37B82DDE91903411C9DF84320B7
:10797C0082B101220133C9F8042007290DF1430219
:10798C00CDE91913C9F8002000F34A82084609F121
:10799C0008090131099AE2B111AA0233C9F8002091
:1079AC0007294FF00202CDE91913C9F8042040F35E
:1079BC005082002B00F0438318EE101A18AA584678
:1079CC00FFF784FD002894D1DDE919030DF16C0952
:1079DC00411C0A9A802A00F08481049ABD1A002D59
:1079EC0000F3D781049AC9F8004013440729CDE964
:1079FC001913C9F8042040F36E81002B00F0758236
:107A0C0018EE101A18AA5846FFF760FD00287FF4EC
:107A1C0070AF1A9B0DF16C09750705D5069A039981
:107A2C00541A002C00F36B82DDE905210398814286
:107A3C00ACBF521812180592002B7FF451AF089965
:107A4C0000231993002900F049815846FDF7E2FD07
:107A5C000DF16C09C1E59C053FF55DAF18EE104AC0
:107A6C00A06DFCF72DFEA28955E7F006079A00F1F0
:107A7C001F83710640F1198332F9043B0792DA1720
:107A8C0011466EE616F01003079940F0098316F0C4
:107A9C00400000F001831A4651F8043B07919BB259
:107AAC00C3E6079B1A4600238DF84330134653F860
:107ABC00044B0393002C00F01284532900F06583CF
:107ACC0016F0100540F061837B1C00F0B3843A463D
:107ADC002946204601F0A4FE0890002800F09F845F
:107AEC00031B039A049323EAE3732F460792039331
:107AFC00089557E6432902D0F50640F12D83079DE2
:107B0C000822002116A82BACFCF75EFD16AB55F82D
:107B1C00042B2146584600F031FD034601330490F6
:107B2C0000F0B384049B079523EAE37303930023CB
:107B3C008DF8433003E7079B53F8042B0692002A79
:107B4C0080F29C82069A5242CDE9062398F80010E6
:107B5C0046F0040669E598F800108DF8434064E59A
:107B6C0098F8001046F080065FE5424612F8011BBB
:107B7C002A2900F09684A1F13003092B90464FF08E
:107B8C0000073FF654AD18F8011B07EB870703EB12
:107B9C004707A1F13003092BF5D948E598F80010F7
:107BAC0046F0010641E59DF84330002B7FF4C2AD51
:107BBC00202398F800108DF8433036E598F8001023
:107BCC006C2903BF98F8011046F0200608F1010853
:107BDC0046F0100629E598F80010682903BF98F8BC
:107BEC00011046F4007608F1010846F040061CE549
:107BFC0046F010030393039B13F0200200F006825F
:107C0C00079B073323F0070319465A6851F8083BC2
:107C1C00079101210DE6079A46F00203039352F8EF
:107C2C00043B079247F63002ADF84420B84A0C9258
:107C3C0002210022FDE5B70600F14882F50600F1AD
:107C4C004683740600F1D583B00540F14083079B51
:107C5C00059953F8042B07931170BEE40396012980
:107C6C003FF48CAD022944AC11D10C9803F00F01F8
:107C7C001B09415C04F8011D43EA0273120953EA23
:107C8C000201F3D1039E44AB1B1B049383E503F069
:107C9C000701DB0843EA4273D208303153EA02058C
:107CAC00204604F8011DF2D1039EF307EBD53029D1
:107CBC00E8D03023023804F8013C44AB1B1A039E75
:107CCC000493044667E5049B1B9401221C931A93AE
:107CDC0019920DF16C0909F108099DE60DF16C0979
:107CEC007BE4069A039D551B002D7FF776AE102D75
:107CFC0040F3BB83099418EE104A07E000F1020C24
:107D0C0009F108091046103D102D1EDD8149C9F8F6
:107D1C000010421C10331021072ACDE91923C9F891
:107D2C000410EBDD18AA002B74D0214658460DF137
:107D3C006C09FFF7CBFB00287FF4DBADDDE9190301
:107D4C00103D102D00F1010CE0DC099C714AC9F8C2
:107D5C0004502B44BCF1070FCDE919C3C9F800201E
:107D6C0040F39481002B00F01F8318EE101A18AA10
:107D7C005846FFF7ABFB00287FF4BBAD049ADDE956
:107D8C001903BD1A002D00F101010DF16C097FF7EB
:107D9C0029AE102D29DD0994102718EE104A07E0A2
:107DAC0000F1020C09F108091046103D102D1ADDE6
:107DBC00421C58491033072AC9E90017CDE9192389
:107DCC00EEDD18AA03B3214658460DF16C09FFF7F6
:107DDC007DFB00287FF48DADDDE91903103D102DDE
:107DEC0000F1010CE4DC099C61464A4AC9F80450D4
:107DFC002B440729CDE91913C9F8002000F3E780BB
:107E0C0009F108090131EDE54FF0010C18460DF1AF
:107E1C006C09CAE74FF0010C18460DF16C0972E7BA
:107E2C00002B00F0048118EE101A18AA5846FFF720
:107E3C004DFB00287FF45DADDDE919030DF16C09F4
:107E4C00411CA7E5022311AA1C931B9201210DF1E1
:107E5C006C09084609F10809411CBAE5102D40F3DC
:107E6C00E582DDE919130F94084618EE104A07E075
:107E7C0000F1020C09F108091046103D102D1DDD12
:107E8C002549C9F80010421C10331021072ACDE9EE
:107E9C001923C9F80410EBDD18AA03B32146584680
:107EAC000DF16C09FFF712FB00287FF422ADDDE920
:107EBC001903103D102D00F1010CE1DC0F9C604604
:107ECC00154AC9F804502B440728CDE91903C9F801
:107EDC00002000F3C18009F10809411C46E5184651
:107EEC004FF0010C0DF16C09C7E77607199353D5C8
:107EFC00069A0399541A002C4EDD0DF16C09102CC6
:107F0C0040F3B082199918EE106A10250DE000BFED
:107F1C00C8050020FC0A00200C060020881C09F172
:107F2C0008091146103C102C1ADD4A1CB3481033BA
:107F3C00072AC9E90005CDE91923EFDD18AA33B3E7
:107F4C0031465846FFF7C2FA00287FF4D2ACDDE97F
:107F5C001913103C102C01F101000DF16C09E4DC3B
:107F6C00A64AC9F8044023440728CDE91903C9F8E7
:107F7C0000207FF759AD7BB118EE101A18AA58469D
:107F8C00FFF7A4FA00287FF4B4AC1A9B4CE501204F
:107F9C0019460DF16C09C5E7DDE9053203998A42F2
:107FAC00ACBF9B185B18059349E5B2F90C108F0513
:107FBC0018EE103A8AB23FF5E8AA18EE105A986DEE
:107FCC00FCF77CFBB5F90C108AB2FFF7DEBA002B7C
:107FDC003FF479AE18EE101A18AA5846FFF776FA45
:107FEC0000287FF486AC19991A9B01310DF16C09AC
:107FFC00F8E419920DF16C095EE4002F7FF4C3AB29
:10800C00039E0027049744ACFFF7C5BB039B13F0FA
:10801C00100354D1039A12F0400000F06B810799C1
:10802C001A4651F8043B07919BB2012101E4099ACD
:10803C00002A64D1184601210DF16C09C9E4012113
:10804C0018460DF16C09C4E45B4262EB42020396E4
:10805C002D200121FFF7EEBB002B00F0888018EEDD
:10806C00101A18AA5846FFF731FA00287FF441ACD1
:10807C00DDE919030DF16C09411C77E498F8001047
:10808C000793FFF7D2BA44ACFFF785BB09F1080997
:10809C000CF101016046A0E416F4007240F09781E7
:1080AC0051F8043B0791FFF7C0BBB30500F1888181
:1080BC0052F8043B0792DA171146FFF752BB0799A7
:1080CC0051F8043B07910121FFF7B3BB079B0598BF
:1080DC0053F8041B0793C217C1E90002FFF77DBADE
:1080EC000B9B002B3FF426AB0B9B1B78002B3FF418
:1080FC0021AB98F8001046F48066FFF796BA02237D
:10810C0011AA1C931B9201200DF16C09A2E6039697
:10811C0071E53B4B0C9316F0200259D0079B0733AB
:10812C0023F0070318465A6850F8083B0790F407E9
:10813C0009D553EA020006D08DF84510302146F0DF
:10814C0002068DF8441026F4806103910221FFF79A
:10815C0070BB2C4B0C93DEE7079B012153F8042BCF
:10816C0003918DF8AC20079304912BACDFE49DF8C0
:10817C004320002A40F03281099A002A7FF462AE33
:10818C00184601210DF16C0927E40021082216A8DC
:10819C001394FCF719FA791C00F0BC8000250794A5
:1081AC002C460CE02BA9584600F0E8F9421C204460
:1081BC0000F06B81B84208DC00F070810446139A21
:1081CC00525916AB0435002AECD10494079CAFE04D
:1081DC0016F0100307980CD116F0400405D01A467F
:1081EC0050F8043B07909BB2A1E716F4007240F0E4
:1081FC00E18050F8043B079099E700BF0C06002083
:10820C00C8050020DC0500200399049744AC9E4669
:10821C0008EE90BA01F480664FF0000C234606E09D
:10822C00BEF10A0F72F1000239D3A6462A46A649BE
:10823C001EEB020040F100000F46A1FB001424F0DD
:10824C00030101EB9401401ABEEB00014FF0CC3559
:10825C0062F1000405FB01F507FB0455A1FB074186
:10826C000D44052704F00101A1FB071B0918640844
:10827C00303103F8011C44EAC5740CF1010C013BCC
:10828C006D08002ECCD00B9909786145C8D1BCF192
:10829C00FF0FC5D0BEF10A0F72F100026CD21C4662
:1082AC0044AB1B1B049F039E049318EE90BAFFF77C
:1082BC0072BA0396FFF762BA5846FCF7A3FEFFF7B3
:1082CC005BB9012903967FF4CDACFFF75CBA079B31
:1082DC00059953F8042B11600793FFF77EB9062F0D
:1082EC003B46039A794C079228BF062304930393C9
:1082FC00FFF725BB039B079913F4007214BF51F8C9
:10830C00043B51F8043B07911CBF0246DBB2012130
:10831C00FFF78FBA16AB00930023194613AA5846E1
:10832C0000F08CFA03460133049000F0AE801394F5
:10833C00049B002B30D0632B63DC002308932BAC05
:10834C000822002116A8FCF73FF9049D16AB0093F8
:10835C0013AA2B462146584600F070FA854240F08D
:10836C00AB80039B049A07930023A3541F4622EA75
:10837C00E2730393FFF716BA0E9A0D999B1A1846DF
:10838C000893FBF769FD0B99089B4A780AB10131F8
:10839C000B914FF0000C48E7039B0793049B03934E
:1083AC001F460893FFF7FEB9012118460DF16C0921
:1083BC00FFF713BB50F8043B07902246DBB2B6E63E
:1083CC0012F9043B0792DA171146FFF7CAB951F8B4
:1083DC00043B07910246DBB2FFF727BA01231C933B
:1083EC0001210DF143031B930DF16C090B46FFF7B3
:1083FC00CDBA079B059953F8042B07931180FFF70F
:10840C00ECB8591C5846FBF793FD044600283CD0A9
:10841C00089095E7886DFCF753F9FFF7E9B9039BD2
:10842C000793CDE90377089FFFF7BCB919981A9BFE
:10843C00013045E5039B07932046FCF741FE20EAFB
:10844C00E0732F46049003930895FFF7ABB918EE31
:10845C00101A18AA5846FFF739F800283FF436AA24
:10846C00FFF74DBA199801307AE58C466EE46B6EC5
:10847C00D90705D4AB899A0502D4A86DFCF720F96D
:10848C004FF0FF330593FFF749BA18EE102AB2F9F3
:10849C000C3043F040039381FFF735BA079C0497E7
:1084AC0046E7079B98F8011053F8047B0793904616
:1084BC0047EAE777FFF7B9B818EE102A938943F02B
:1084CC0040039381FFF715BACDCCCCCCF00500203E
:1084DC0070B50C468989ADF58E6D21F00201ADF8B1
:1084EC001410616E1B91E189ADF81610E1690991C8
:1084FC00616A0B911CA9029106914FF480610646AA
:10850C000491079118A80021CDE900320891FCF7DD
:10851C00D1F8DDE9003202A93046FFF713F8051E49
:10852C0007DB02A9304601F04BF9002818BF4FF0C9
:10853C00FF35BDF814305B0603D5A38943F0400327
:10854C00A3811898FCF7B8F828460DF58E6D70BD10
:10855C0082B049B15AB16BB113780B601278101E0E
:10856C0018BF012002B0704701A9002AF3D11046B0
:10857C0002B070476FF00100F4E700BF70B505461C
:10858C0084B05BB11C4669B10E4B2846D3F8E06051
:10859C002346B047431C0FD004B070BD00F5827465
:1085AC000029F1D1074A2346D2F8E06028460A4652
:1085BC0001A9B047431CEFD100228A2322602B6013
:1085CC0004B070BD4C0C0020004870473C0D0020DE
:1085DC0070B500294BD006460C4610B1436B002BEE
:1085EC0048D0636ED80734D5B4F90C30002B3ED08C
:1085FC002146304601F04CF8E36A054633B1E16997
:10860C00304698470028B8BF4FF0FF35A3891A06AB
:10861C003CD4216B41B104F14003994202D0304665
:10862C00FCF7F8FF00232363616C21B13046FCF7A3
:10863C00F1FF00236364FCF703FD636E0022DB078C
:10864C00A2811FD5A06DFCF737F8FCF7FFFC28467C
:10865C0070BDA3899905CBD4A06DFCF72FF8B4F9A4
:10866C000C30002BC4D1656E15F0010505D000252A
:10867C00284670BDFCF7C6FCB3E7A06DFCF720F8EC
:10868C00284670BDA06DFCF71BF8DBE7216930466E
:10869C00FCF7C0FFBDE700BF38B5314B1B68054682
:1086AC000C4613B15A6B002A4ED0B4F90C30180793
:1086BC009AB21CD5216929B312F0010007D0002011
:1086CC00A06060694042A06139B1002038BD9507B7
:1086DC0058BF6069A0600029F7D1120658BF084640
:1086EC00F4D543F04003A3814FF0FF3038BDD106E1
:1086FC002ED5520714D4216943F00803A3819AB2F2
:10870C000029D9D102F42070B0F5007FD4D02146D5
:10871C00284600F027F8B4F90C3021699AB2CBE75F
:10872C00216B51B104F14002914204D02846FCF770
:10873C0071FFB4F90C300022226321690022C4E9D4
:10874C00001223F02403D7E71846FCF75BFCACE7D8
:10875C00092243F040032A604FF0FF30A38138BD5B
:10876C00D41100202DE9F0418B890C46990796B065
:10877C0008D504F143030122C4E90432236016B086
:10878C00BDE8F081B4F90E100029064625DB6A46D7
:10879C0001F0D2F800281FDB019D05F47045A5F50A
:1087AC000055B5FA85F54FF480686D094FF40067F4
:1087BC0041463046FBF7BCFBE0B1B4F90C30C4F8D1
:1087CC00148043F0800320602061A38135BB3B43C0
:1087DC00A38116B0BDE8F081A38913F0800519D0F0
:1087EC004FF040080025414630462F46FBF7A0FBD2
:1087FC000028E2D1B4F90C309A05C0D423F003035D
:10880C0004F1430243F002030121C4E90421A381D2
:10881C002260B4E74FF480682F46C9E7B4F90E1014
:10882C00304601F09FF810B9B4F90C30CFE7A389AA
:10883C0023F0030343F001031BB2C8E710B582B069
:10884C00049CCDE900344FF0FF3301F029FC02B059
:10885C0010BD00BF2DE9F04F03690C69A34283B032
:10886C00C0F28780013C01F11405A30000F114084B
:10887C00009355F8243058F82420013381469A424D
:10888C0008EB840005EB84070190B2FBF3F63BD3B5
:10889C004FF0000CAE464046E24663465EF804BB21
:1088AC0002681FFA8BFC06FB0C334FEA134C4FEAA1
:1088BC001B4B06FB0BCC9BB2AAEB03031FFA8CFAE7
:1088CC0013FA82F3CAEB124202EB23429BB243EA45
:1088DC000243774540F8043B4FEA224A4FEA1C43D7
:1088EC00DCD2009B58F8033073B9019B043B9845CC
:1088FC0004D307E0984504F1FF3403D253F804295C
:10890C00002AF7D0C9F810404846FCF773F9002844
:10891C002BDB01364146002355F8040BD1F800C07F
:10892C0082B29A1A030C12FA8CF2C3EB1C4303EBBF
:10893C00224392B242EA0342AF4241F8042B4FEA7F
:10894C002343E9D258F8242008EB84036AB9043B8A
:10895C00984504D307E0984504F1FF3403D253F84B
:10896C000429002AF7D0C9F81040304603B0BDE8FE
:10897C00F08F002003B0BDE8F08F00BF00000000B6
:10898C002DE9F04F2DED028B8FB08DED020B019187
:10899C00816B1A9D059357EC106B0446934641B1BD
:1089AC00C26B4A60012393408B60FBF7C3FE00232C
:1089BC00A363B7F10008B4BF012300232B60BE4BA7
:1089CC00BCBF28F00048CDF80C8033EA080300F057
:1089DC009F809DED028BB5EE408BF1EE10FA11D11C
:1089EC00059A012313601B9B002B00F03F82B34BB5
:1089FC001B9A1360013B009300980FB0BDEC028BE7
:108A0C00BDE8F08F0CAA0DA92046B0EE480BFCF780
:108A1C00BDF95FEA1853054640F09280DDE90C136E
:108A2C000B4403F23242202A40F3FA82C2F1400294
:108A3C0008FA02F803F21242D64048EA060207EEA0
:108A4C00102AB8EE477B581E17EE906A53EC172B82
:108A5C004FF0010AA6F1F8739FED913B9FED927BCD
:108A6C009FED935B06EE900A43EC122BB8EEE64BAF
:108A7C00B7EE086B32EE466BA6EE037BA4EE057BDD
:108A8C00FDEEC76BB5EEC07BF1EE10FA16EE907AE8
:108A9C0008D5B8EEE66BB4EE476BF1EE10FA18BFE2
:108AAC0007F1FF37162F00F24581854B03EBC70307
:108ABC0093ED007BB4EEC78BF1EE10FA57D5091A83
:108ACC000023B1F1010807F1FF370A9300F1398156
:108ADC0000230693002F52DA069B0497DB1B0693A8
:108AEC007B420893019B092B4FF000074ED8052BB6
:108AFC0040F39D82043B01930026019B9A1E032A9E
:108B0C0000F22581DFE812F0AA03A7039D037E0380
:108B1C00059AC8F3130842F20F7358EA060813605B
:108B2C001ED11B9B002B00F09185664B00930833E4
:108B3C001B9A009813600FB0BDEC028BBDE8F08F50
:108B4C0018EE906AC6F31306A3F2FF3053EC182B01
:108B5C0046F07F530C994FF0000A43F440137BE727
:108B6C001B9B002B40F03B83574B009344E7091AA7
:108B7C000023B1F101080A9300F1E380069300236E
:108B8C000893019B0497092BB844B0D90023012604
:108B9C00019307964FF0FF399B460021E163CDF816
:108BAC002C902046FBF7A0FD0090002800F040859B
:108BBC00009BA363B9F10E0F00F2DC80002E00F0D5
:108BCC00D980049B002B40F3DE833D4A03F00F0158
:108BDC0002EBC10292ED007B1A11DB0540F182839E
:108BEC003A4991ED086B02F00F02032088EE065B08
:108BFC005AB13649D60704D591ED006B013027EEFA
:108C0C00067B521001F10801F4D185EE076B0A9B2B
:108C1C003BB1B7EE007BB4EEC76BF1EE10FA00F18E
:108C2C00AE8407EE900AB8EEE75BB1EE0C7BA5EED6
:108C3C00067B17EE902A51EC170BA2F15071B9F18B
:108C4C00000F00F08883049E4A46079B002B00F01F
:108C5C004784B6EE003B1A4BFDEEC64B03EBC20C41
:108C6C00B8EEE47B36EE477B1CED026B83EE065BC5
:108C7C0041EC160B14EE900A35EE465B0099B4EEFF
:108C8C00C75B3030F1EE10FA01F8010B00F3AC8445
:108C9C00B7EE002BB2EE044B4FF0000C31E000BFEE
:108CAC0061436F63A787D23FB3C8608B288AC63FE6
:108CBC00FB799F501344D33F0000F07FF90500204F
:108CCC00A80200204C05002058050020800200203E
:108CDC000CF1010C94454DDA27EE047B25EE045B78
:108CEC00FDEEC76B16EE903AB8EEE63B303337EE3E
:108CFC00437BB4EEC57BF1EE10FA01F8013B00F1B9
:108D0C00738432EE476BB4EEC56BF1EE10FADFD51F
:108D1C00009A049602E08A4200F05084894611F8C9
:108D2C00013D392BF7D00133DBB20B70049B0133BF
:108D3C00049355E1091A0123B1F101080A937FF557
:108D4C00C7AEC1F1010306934FF00008C2E600263E
:108D5C00E66331462046FBF7C7FC0090002800F084
:108D6C006784009BA3634FF0FF330B939946012359
:108D7C00B34607930D9A002A55DB04990E2952DC51
:108D8C00B74BBBF1000F03EBC10393ED006B15DA8E
:108D9C00B9F1000F12DC40F0F282B1EE047B26EE4A
:108DAC00077BB4EEC78BF1EE10FACA464E4600F2C2
:108DBC006D82DDF800806FEA0B0B70E288EE067BAB
:108DCC00BDEEC77B009917EE103AB9F1010F03F114
:108DDC003003B8EEC75B01F8013BA5EE468B00F003
:108DEC003483B2EE044B012311E088EE067BBDEE1A
:108DFC00C77B013317EE102A4B4502F13002B8EE57
:108E0C00C75B01F8012BA5EE468B00F01E8328EE04
:108E1C00048BB5EE408BF1EE10FAE6D1049B0133D6
:108E2C0004938946DCE0079B43B3019B012B40F381
:108E3C007682089B09F1FF3A534580F23F82089BEA
:108E4C00CDF820A0AAEB030217444FF0000AB9F1A9
:108E5C00000FC0F22583069B09934B44C84406932C
:108E6C0001212046FBF712FD06460CE07D4B0093DA
:108E7C0000980FB0BDEC028BBDE8F08F069BDDF8BF
:108E8C0020A0079E0993099B6BB1B8F1000F0ADD76
:108E9C00434506991A46A8BF4246891A9B1A069161
:108EAC000993A8EB0208089B63B1079B002B00F009
:108EBC00A782BAF1000F00F30482089BB3EB0A02FD
:108ECC0040F0FF8201212046FBF7E0FC002F824698
:108EDC0000F3AF80019B012B40F3878100230893A3
:108EEC000120002F40F0B180404410F01F0000F032
:108EFC007A81C0F12002042A00F3888040F0F681C8
:108F0C00069B002B05DD29461A462046FBF7FAFD89
:108F1C000546B8F1000F05DD514642462046FBF7E9
:108F2C00F1FD82460A9B002B40F03F81B9F1000F06
:108F3C0040F32581079B002B40F0A380049B013359
:108F4C000493DDF80080012707E0294600230A225C
:108F5C002046FBF7F9FB0137054651462846FFF73B
:108F6C0079FCB94500F1300008F8010BEDDCB9F1E2
:108F7C00000F009ACCBFCB464FF0010B0346934435
:108F8C0000272946012220460193FBF7BBFD5146E1
:108F9C000546FBF72FFE002840F3AF811BF8013C80
:108FAC00009A0BF1FF3B04E05A4500F0B1811BF82D
:108FBC00013D392B0BF10109F6D001338BF8003050
:108FCC0051462046FBF7B6FB56B12FB1B74203D042
:108FDC0039462046FBF7AEFB31462046FBF7AAFB91
:108FEC0029462046FBF7A6FB002389F80030DDE973
:108FFC0004231A601B9B002B3FF4FEAC0098C3F8B3
:10900C0000900FB0BDEC028BBDE8F08FC0F11C00DE
:10901C00069B03440693099B0344099380446FE722
:10902C00C2F1200206FA02F207EE102A09E5012627
:10903C0063E501463A462046FBF704FD019B012BF4
:10904C00824640F3C58100230893DAF810200AEB1E
:10905C0082021069FBF7CAFBC0F1200044E700BF95
:10906C00A8020020F8050020314600230A222046E1
:10907C00FBF76AFB0B9B002B064640F3CE82049752
:10908C009946099B002B05DD31461A462046FBF715
:10909C0039FD0646089B002B40F0EB81B046029B45
:1090AC00009F03F001027B1E4B440893019B0A9224
:1090BC001343099351462846FFF7CCFB31468346B0
:1090CC002846FBF797FD4246514681462046FBF762
:1090DC00B3FDC26801460BF13003002A42D1CDE941
:1090EC0006032846FBF786FD069902902046FBF7FF
:1090FC0021FB029A079B1AB90999002900F07E827C
:10910C00B9F1000FC0F28381019949EA01090A996A
:10911C0051EA090900F07B81002A00F3C681089A04
:10912C003B7007F101099742CB4600F0C4812946F8
:10913C0000230A222046FBF707FB4645054631462D
:10914C004FF000034FF00A02204612D0FBF7FCFA56
:10915C004146064600230A222046FBF7F5FA4F4605
:10916C008046A7E720460293FBF7E4FA029B012214
:10917C00C6E7FBF7E9FA4F46064680469AE7019B9D
:10918C00022B71DC079B002B7FF47BAF049B5146B9
:10919C00013328460493FFF75DFBDDF800B000F1C6
:1091AC0030030BF8013B0027EBE651462846FBF752
:1091BC0021FD0028BFF6BAAE294600230A2220461C
:1091CC00FBF7C2FA049B5F1E079B0546002B7FF43E
:1091DC004BAF0B9B002B40F318829946B1E6BC4B6E
:1091EC0000930333A4E41C2012E7DDE902010028FC
:1091FC007FF474AEC1F31302002A00F0F480029BDA
:10920C0008936DE601230793049B5B4403F101096A
:10921C00B9F1010FCC460B93B8BF4FF0010C0021F4
:10922C00BCF1170FE1637FF7BCAC012004225200A4
:10923C0002F114036345014600F10100F7D9E16323
:10924C00AFE401230793BBF1000F52DDCDF82CB036
:10925C00D946DC46E3E700230793D5E700230793C1
:10926C00F1E7DDF82C900497B9F1000F7FF4A1AD74
:10927C0051464B4605222046FBF766FA01468246CC
:10928C002846FBF7B7FC00287FF793AD049B03F14E
:10929C00010B009B3122984603F8012B0093514699
:1092AC002046FBF747FA0BF10103DDF8009004931D
:1092BC00CDF80080002E7FF48FAE91E6A3EB0A0A66
:1092CC00C5E5314652462046FBF7BCFB2A46014613
:1092DC0006462046FBF708FB294605462046FBF7C9
:1092EC0029FAEAE50220B0EE485B81E4C0F13C00CB
:1092FC008EE64FF0010BD9464FE403D1019BDB07FF
:10930C003FF54CAED9461BF8013D302BFAD057E651
:10931C00049B009A013304933123137050E6BAF185
:10932C00000F00F0238102F23342069B0993134491
:10933C00DDF820A00693904492E507EE900AB1EE7A
:10934C000C5BB8EEE77BA6EE075B15EE902A51ECB2
:10935C00150BA2F1507141EC150BB1EE047B36EEFE
:10936C00477BB4EEC57BF1EE10FA00F33781B1EE1A
:10937C00455BB4EEC57BF1EE10FA7FF5FBAC4FF01C
:10938C00000A564615E500F0F580049B51495A42F7
:10939C0002F00F0001EBC00191ED006B121128EEF1
:1093AC00066B00F04281B0EE467B4B490026022052
:1093BC00D30705D591ED005B0130012627EE057B27
:1093CC00521001F10801F3D1002E06FE076B1EE4CA
:1093DC00029B002B7FF437AEDDE90201C1F31302CF
:1093EC00002A40F037813D4A0A40002A00F0FA80FA
:1093FC00069B01330693012308F1010808936FE5DE
:10940C002946089A2046FBF71DFB05465AE5002A1B
:10941C0012DD2946012220460193FBF773FB5146CE
:10942C000546FBF7E7FB0028019B40F3E180392B55
:10943C0000F0CA800BF13103B94609F8013B049BDB
:10944C000133374604934646BAE538EE088BB4EE42
:10945C00C68BF1EE10FA0ADCB4EE468BF1EE10FA84
:10946C007FF4DCAC17EE103AD8077FF5D7AC009A36
:10947C0054E471682046FBF737F90746002800F0E2
:10948C00DE80336902339A0006F10C010C30F8F7D8
:10949C00F3FE394601222046FBF734FB8046FEE5FD
:1094AC00069BA3EB09030993DAE4392B00F08C80BB
:1094BC00B9460133C1E7049A013237460492464655
:1094CC005FE529462046FBF7BDFA0546FAE400BFE6
:1094DC0058050020A8020020800200200000F07F28
:1094EC005E4BFDEEC65B03EBC20C1CED023BB8EE13
:1094FC00E57B36EE477B41EC160B15EE901A23EE0E
:10950C00063B00983031012A00F8011B00F08380E3
:10951C00B2EE044B009B991827EE047BFDEEC76B53
:10952C0016EE903A303300F8013B8142B8EEE65B20
:10953C0037EE457BF0D1B6EE006B33EE065BB4EE46
:10954C00C75BF1EE10FA3FF5E3AB36EE436BB4EECE
:10955C00C76BF1EE10FA7FF70DAC8946013919F89B
:10956C00013C302BF9D0731C049339E50C9AC2F1F1
:10957C003602DAE60220B0EE486BFFF748BBB9F1D1
:10958C00000F3FF4DAAE0B9A002A7FF7F3ABB2EE82
:10959C00044B26EE046B013007EE900A049BB8EEE8
:1095AC00E75BB1EE0C7BA6EE057B17EE90CA51EC97
:1095BC00170B5E1EACF15071FFF747BB049B0133D8
:1095CC0004933123FFF7B1BB049BBB4601330493D7
:1095DC00392337460BF8013B4646E1E44FF0000ACD
:1095EC00564653E608927BE4731C04938946F7E4D1
:1095FC007FF422AFDA077FF51FAF18E7392BE3D0E2
:10960C00B9F1000F3FF716AF16E7019B022B3FF79E
:10961C0028AE0497BAE501468DE7019B022B3FF774
:10962C0020AEDDF82C9004972BE50220FFF7EFBA63
:10963C000B4B0C48002240F2AF11FAF7A5FF084B78
:10964C0008483A4640F2EF21FAF79EFF064B00938A
:10965C00FFF7D2B9029B0893F7E400BFA8020020E1
:10966C00D80300205C0500204C05002038B5074DC0
:10967C000022044608462A60F8F7ACFF431C00D0D1
:10968C0038BD2B68002BFBD0236038BD401A00205E
:10969C00B1F90C202DE9F0410C461107804647D456
:1096AC00636842F40062002BA2815EDDA56A002D86
:1096BC0058D00023D8F80060C8F8003093B212F4E8
:1096CC00805256D10123E1694046A847431C67D01C
:1096DC00A389A56A5F0705D56368C01A236B0BB114
:1096EC00E36BC01AE169024600234046A847411CBF
:1096FC0041D1D8F80030002B3DD01D2B01D0162BBA
:10970C0056D1A3892269226023F400630021616091
:10971C00A381216BC8F8006021B304F14003994286
:10972C0002D04046FBF776FF00202063BDE8F081B5
:10973C002669BEB193B2256826609A070CBF63698F
:10974C000023AD1BA3600BE02B463246E169676A30
:10975C004046B847B0F1000CA5EB0C05664417DD8C
:10976C00002DF1DC0020BDE8F081E36B002B9DDCCB
:10977C00F8E7206DAEE7B4F90C302269226023F4CF
:10978C000063A3810022DB046260C2D52065C0E7C0
:10979C00A38943F040034FF0FF30A381BDE8F08173
:1097AC00D8F80030002B93D01D2B06D0162B04D0EC
:1097BC00A38943F04003A381D5E7C8F80060D1E743
:1097CC0038B50C46054608B1436B03B3B4F90C002D
:1097DC0088B1636EDB0701D481050FD5284621467D
:1097EC00FFF756FF636EDA07054602D4A3899B0583
:1097FC0008D5284638BD0546284638BDA06DFAF771
:10980C005DFFEBE7A06DFAF75BFF284638BDFBF771
:10981C00F9FBDBE700000000000000000000000086
:10982C0001F0FF01102A2BDB10F0070F08D010F805
:10983C00013B013A8B422DD010F0070F42B3F6D109
:10984C00F0B441EA012141EA014122F007047FF022
:10985C0000070023F0E80256083C85EA010586EA79
:10986C00010685FA47F5A3FA87F586FA47F6A5FAB5
:10987C0087F68EB9EED1F0BC01F0FF0102F00702C1
:10988C0032B110F8013B013A83EA010313B1F8D16C
:10989C000020704701387047002D06BF354603384D
:1098AC00073815F0010F07D1013015F4807F02BF86
:1098BC00013015F4C03F0130F0BC0138704700BFD7
:1098CC0030B482B08DED000B019A194C22F000439C
:1098DC000021A342016021DC009C1C431ED0154CCE
:1098EC00144054B99FED107B20EE077B8DED007B6F
:1098FC00019A6FF0350122F0004322F0FF42DDE9BE
:10990C00004522F4E00242F07F551B1545F400158A
:10991C00A3F2FE33CDE900450B4403609DED000B33
:10992C0002B030BC704700BF000000000000504384
:10993C00FFFFEF7F0000F07F70B50C46084D03462B
:10994C000026204611461C462E60F8F747FE431CA5
:10995C0000D070BD2B68002BFBD0236070BD00BF06
:10996C00401A002038B5074D0022044608462A60EC
:10997C00F8F73AFE431C00D038BD2B68002BFBD007
:10998C00236038BD401A002038B50C46084D84467B
:10999C00114620461A4600232B606446F8F726FE33
:1099AC00431C00D038BD2B68002BFBD0236038BD86
:1099BC00401A002038B50C46084D84461146204606
:1099CC001A4600232B606446F8F702FE431C00D0B5
:1099DC0038BD2B68002BFBD0236038BD401A00200B
:1099EC002DE9F04782B0824688461446FAF76AFEA3
:1099FC00012803D108F1FF33FE2B36D90DF10409F0
:109A0C00424604F15C0349465046FEF7B7FD421C42
:109A1C00064632D020B39DF804C0002509E0236827
:109A2C005A1C226083F800C00135B54218D219F8CF
:109A3C0001CFA368013B002BA360F0DAA769BB42FE
:109A4C0061462246504602DBBCF10A0FE7D100F01A
:109A5C004BFA431CE8D10646304602B0BDE8F0870D
:109A6C004646304602B0BDE8F0875FFA88FC8DF8B8
:109A7C0004C006460DF10409CFE7A389304643F034
:109A8C004003A38102B0BDE8F08700BF30B5536E30
:109A9C0013F0010FB2F90C30144683B005469AB29C
:109AAC0001D198051CD5900406D4626E43F4005382
:109ABC0042F40052A381626622462846FFF790FFCB
:109ACC00636EDA07054602D4A3899B0502D52846A6
:109ADC0003B030BDA06DFAF7F3FD284603B030BDDE
:109AEC00A06D0191FAF7EAFDB4F90C3001999AB224
:109AFC00D9E700BF9368002B00F085802DE9F04F6B
:109B0C00B1F90C300C461907804683B0174698B251
:109B1C0025D523691BB310F002033D682DD04FF0FF
:109B2C00000ADFF8C0B25646B9465E453346524687
:109B3C0028BF5B464046002E52D0E169676AB847A1
:109B4C00002856DDD9F808301B1A8244361AC9F899
:109B5C000830002BE9D1002003B0BDE8F08F21467E
:109B6C004046FEF799FD002840F03881B4F90C30DE
:109B7C003D6898B210F00203D1D110F0010944D124
:109B8C004E46009746B38205D4F808B040F1858064
:109B9C00B3455A4600F2B48010F4906F40F0C18087
:109BAC00206801924946FAF773FCA368019AA3EB6B
:109BBC000B012368A1601344B24623600026009A6F
:109BCC009368A3EB0A03D1449360002BC3D0B4F980
:109BDC000C0080B2002ED6D1D5E900960835D1E71D
:109BEC00D5E900A60835A0E721464046FFF7E8FD79
:109BFC0088B3B4F90C3043F040034FF0FF30A3812D
:109C0C0003B0BDE8F08F002070471E46BA46994657
:109C1C00184600951F4666B3002832D04A46D4E950
:109C2C0004132068A568B24228BF3246884204D982
:109C3C0005EB030B5A4500F3A780934264DCE16902
:109C4C00656A3A464046A847B0F1000BD1DDB9EB46
:109C5C000B09C9D00120DAF80830A3EB0B035F44E1
:109C6C00A6EB0B06CAF80830002B3FF474AF002E9D
:109C7C00D2D1009A5668134608320092002EF8D0C2
:109C8C001F6832460A213846FFF7CAFD002800F04B
:109C9C009C800130A0EB0709C0E72068236998423B
:109CAC0016D86269B24213D86FF00043B34228BF92
:109CBC003346E16993FBF2F3676A02FB03F3404618
:109CCC004A46B847B0F1000A93DDA6EB0A0676E7E0
:109CDC00B345DA4628BFB24652464946FAF7D8FB96
:109CEC00A3682268A3EB0A035244A3602260002BF2
:109CFC00EBD121464046FFF763FD0028E5D078E71D
:109D0C002068B34632464CE739460192FAF7C0FB5D
:109D1C00019AA3689B1AA36023681344236093469B
:109D2C0095E723682169A3EB010B636903EB430AF5
:109D3C000AEBDA7A0BF101034FEA6A0A3344534512
:109D4C00524684BF9A46524643052CD5114640468E
:109D5C00FAF7EEF800283BD05A4621690190F8F743
:109D6C008BFAA289019B22F4906242F08002A281BC
:109D7C0003EB0B002361AAEB0B03C4F814A0A36044
:109D8C002060B34632460CE739465A46FAF780FB58
:109D9C0023685B44236021464046FFF711FD0028F1
:109DAC003FF455AF25E74046FBF7F8F9034600288A
:109DBC00DED121694046FBF72DFCB4F90C300C22A6
:109DCC0023F08003C8F8002015E7721C914626E7A3
:109DDC000C22B4F90C30C8F800200CE74FF0FF301F
:109DEC00BAE600BF00FCFF7F2DE9F04F93681768BF
:109DFC0083B09246002B70D081468A6808680C4666
:109E0C00083743E0A38913F4906F2ED0D4E90416DD
:109E1C00A0EB010806EB460606EBD67608F101002E
:109E2C0076102844B042324684BF064632465B0563
:109E3C0037D511464846FAF77BF8019000283AD0FE
:109E4C0042462169F8F718FAA289019B22F4906224
:109E5C0042F08002A281A6EB080203EB08006661C7
:109E6C00A260236120602E46A84642465946FAF766
:109E7C000FFBDAF80830A2682068921B40445B1B89
:109E8C00A2602060CAF808303BB3083757E902B526
:109E9C00002DFAD0AA4216469046B3D92E46A846B3
:109EAC00E3E74846FBF77AF903460028D3D121694A
:109EBC004846FBF7AFFBA3890C2243F04003C9F8DB
:109ECC0000204FF0FF30A38100220023CAF80820A5
:109EDC00CAF8043003B0BDE8F08F00200023CAF8A4
:109EEC00043003B0BDE8F08FF8B50D4614460646B5
:109EFC0010B1436B002B4CD0B4F90C20A369A360B8
:109F0C00170790B21BD52369CBB1EDB281042F4654
:109F1C0022D522686169D31A994229DD0133A168DF
:109F2C000139A160511C2160157062699A4227D0D9
:109F3C00A389DB0701D50A2D22D03846F8BD21466E
:109F4C003046FEF7A9FB08BBB4F90C20236990B28C
:109F5C00EDB281042F46DCD442F40052A281626E31
:109F6C00616922F4005262662268D31A9942D5DCE8
:109F7C0021463046FFF724FC40B922680123CEE786
:109F8C0021463046FFF71CFC0028D6D04FF0FF3797
:109F9C00D3E7FBF737F8AFE72DE9F04F8BB0DDE9EE
:109FAC00158A149F0391814605921E46B8F1000F45
:109FBC005CD0039B002B5ED0059B1D68002F6AD0E4
:109FCC00741E4EB3039B0493043D002601950BE0D5
:109FDC00039B2BBB019B1A68002A3AD0BC455CD270
:109FEC00013C631C664617D0D8F800300293019BE5
:109FFC00DAF8E05053F8042F019307A9434648467A
:10A00C00D8F804B0A847421C3AD000EB060CBC456B
:10A01C00DED9029BC8E9003B30460BB0BDE8F08F9F
:10A02C0000280EDD049B019D18445A1E07A900F15F
:10A03C00FF3E11F8013B02F8013F7245F9D1019541
:10A04C000490059B1A6804321A60019B1A68002A56
:10A05C00C4D1039B0BB1059B1A600CF1FF36002297
:10A06C003046C8F800200BB0BDE8F08F039B00F51C
:10A07C008678002BA0D1059B4FF0FF371D689FE71A
:10A08C0006468A2100223046C9F80010C8F8002084
:10A09C000BB0BDE8F08F3E46BEE76646BCE700BF9E
:10A0AC0010B584B0054C06980090079801900448B0
:10A0BC0000680294FFF770FF04B010BD4C0C002038
:10A0CC00D4110020000000005FF800F0E11D0060DA
:10A0DC005FF800F0351E006000000000000000007A
:04A0EC00F8B500BF04
:10A0F0000000000000000000000000000000000060
:10A10000000000000000000000000000000000004F
:10A11000000000000000000000000000000000003F
:10A12000000000000000000000000000000000002F
:10A13000000000000000000000000000000000001F
:10A14000000000000000000000000000000000000F
:10A1500000000000000000000000000000000000FF
:10A1600000000000000000000000000000000000EF
:10A1700000000000000000000000000000000000DF
:10A1800000000000000000000000000000000000CF
:10A1900000000000000000000000000000000000BF
:10A1A00000000000000000000000000000000000AF
:10A1B000000000000000000000000000000000009F
:10A1C000000000000000000000000000000000008F
:10A1D000000000000000000000000000000000007F
:10A1E000000000000000000000000000000000006F
:10A1F000000000000000000000000000000000005F
:10A20000000000000000000000000000000000004E
:10A21000000000000000000000000000000000003E
:10A22000000000000000000000000000000000002E
:10A23000000000000000000000000000000000001E
:10A24000000000000000000000000000000000000E
:10A2500000000000000000000000000000000000FE
:10A2600000000000000000000000000000000000EE
:10A2700000000000000000000000000000000000DE
:10A2800000000000000000000000000000000000CE
:10A2900000000000000000000000000000000000BE
:10A2A00000000000000000000000000000000000AE
:10A2B000000000000000000000000000000000009E
:10A2C000000000000000000000000000000000008E
:10A2D000000000000000000000000000000000007E
:10A2E000000000000000000000000000000000006E
:10A2F000000000000000000000000000000000005E
:10A30000000000000000000000000000000000004D
:10A31000000000000000000000000000000000003D
:10A32000000000000000000000000000000000002D
:10A33000000000000000000000000000000000001D
:10A34000000000000000000000000000000000000D
:10A3500000000000000000000000000000000000FD
:10A3600000000000000000000000000000000000ED
:10A370000080E03779C34143176E05B5B5B8934601
:10A38000F5F93FE9034F384D321D30F94877825ACD
:10A390003CBF737FDD4F1575000000000000F03FEB
:10A3A00000000000000024400000000000005940B0
:10A3B0000000000000408F40000000000088C34003
:10A3C00000000000006AF8400000000080842E4178
:10A3D00000000000D01263410000000084D79741C4
:10A3E0000000000065CDCD41000000205FA00242CA
:10A3F000000000E876483742000000A2941A6D423F
:10A40000000040E59C30A2420000901EC4BCD64231
:10A4100000003426F56B0C430080E03779C34143DC
:10A4200000A0D8855734764300C84E676DC1AB4352
:10A43000003D9160E458E143408CB5781DAF154470
:10A4400050EFE2D6E41A4B4492D54D06CFF080444B
:10A45000F64AE1C7022DB544B49DD9794378EA4460
:10A460000000000000000000290100004110000071
:10A470003D100000391000003510000031100000C0
:10A480002D100000291000002C2066756E63746981
:10A490006F6E3A2000000000617373657274696F1B
:10A4A0006E2022257322206661696C65643A2066FD
:10A4B000696C6520222573222C206C696E6520252D
:10A4C00064257325730A000042616C6C6F6320730E
:10A4D0007563636565646564000000002F646174E2
:10A4E000612F6A656E6B696E732F776F726B737015
:10A4F0006163652F474E552D746F6F6C636861699A
:10A500006E2F61726D2D31312F7372632F6E6577EF
:10A510006C69622D63796777696E2F6E65776C69F8
:10A52000622F6C6962632F7374646C69622F6D7043
:10A530007265632E63000000002020202020202070
:10A5400020202828282828202020202020202020E3
:10A5500020202020202020202088101010101010F3
:10A56000101010101010101010040404040404043F
:10A5700004040410101010101010414141414141D9
:10A5800001010101010101010101010101010101BB
:10A5900001010101101010101010424242424242CB
:10A5A000020202020202020202020202020202028B
:10A5B0000202020210101010200000000000000033
:10A5C000000000000000000000000000000000008B
:10A5D000000000000000000000000000000000007B
:10A5E000000000000000000000000000000000006B
:10A5F000000000000000000000000000000000005B
:10A60000000000000000000000000000000000004A
:10A61000000000000000000000000000000000003A
:10A62000000000000000000000000000000000002A
:10A63000000000000000000000000000496E666994
:10A640006E697479000000004E614E002F646174E1
:10A65000612F6A656E6B696E732F776F726B7370A3
:10A660006163652F474E552D746F6F6C6368616928
:10A670006E2F61726D2D31312F7372632F6E65777E
:10A680006C69622D63796777696E2F6E65776C6987
:10A69000622F6C6962632F7374646C69622F6474D7
:10A6A0006F612E6300000000494E4600696E66002F
:10A6B0004E414E006E616E003031323334353637E4
:10A6C00038396162636465660000000030313233FE
:10A6D000343536373839414243444546000000009E
:10A6E000286E756C6C2900003000000020202020AE
:10A6F000202020202020202020202020202020205A
:10A700002020202020202020202020200000004287
:10A71000C8801F40B8821F400800000000000042AF
:10A72000C4801F40B4821F400400000000C00042EB
:10A7300024801F4014821F401000000000C000420F
:10A7400028801F4018821F402000000000C00042E7
:10A750002C801F401C821F404000000000C00042AF
:10A7600034801F4024821F4000010000004000424E
:10A7700064811F4054831F400004000000400042D9
:10A7800080811F4070831F40000002000040004293
:10A790007C811F406C831F4000000100004000428C
:10A7A00068811F4058831F4000080000004000429D
:10A7B0003C811F402C831F400100000000400042EC
:10A7C00044811F4034831F400400000000400042C9
:10A7D00040811F4030831F400200000000400042C3
:10A7E00048811F4038831F400800000000000042DD
:10A7F00004811F40F4821F4000000400000000425A
:10A8000008811F40F8821F4000000800000000423D
:10A8100018811F4008831F40000080000000004294
:10A8200014811F4004831F400000400000000042CC
:10A8300000811F40F0821F40000002000000004223
:10A84000FC801F40EC821F4000000100000000421D
:10A8500024811F4014831F400000000400000042B8
:10A8600028811F4018831F4000000008000000429C
:10A870001C811F400C831F400000000100000042AB
:10A8800020811F4010831F40000000020000004292
:10A89000EC801F40DC821F400010000000000042DE
:10A8A000F0801F40E0821F400020000000000042B6
:10A8B00034811F4024831F400000004000000042FC
:10A8C00038811F4028831F40000000800080004224
:10A8D00094801F4084821F400000040000C000429A
:10A8E00090801F4080821F40000000800080004256
:10A8F000A8801F4098821F40000080000080004216
:10A90000A4801F4094821F4000004000004000428D
:10A910006C811F405C831F400010000000C000429B
:10A9200030801F4020821F40800000000040004215
:10A93000B0811F40A0831F40000000200040004263
:10A94000AC811F409C831F4000000010004000426B
:10A9500084811F4074831F400000040000400042B7
:10A9600088811F4078831F400000080000000042DB
:10A970002C811F401C831F4000000010000000427B
:10A9800030811F4020831F40000000200000004253
:10A990000C811F40FC821F4000001000000000429C
:10A9A00010811F4000831F400000200000800042F3
:10A9B000C8811F40B8831F40008000000080004213
:10A9C000C4811F40B4831F4000400000008000424B
:10A9D000C0811F40B0831F40002000000080004263
:10A9E000BC811F40AC831F4000100000008000426B
:10A9F000D0811F40C0831F40000002000080004241
:10AA0000CC811F40BC831F400000010000C00042F9
:10AA100074801F4064821F400000000100C000429B
:10AA200080801F4070821F400000000800C000426C
:10AA300084801F4074821F400000001000C000424C
:10AA40006C801F405C821F400000400000C000423C
:10AA50007C801F406C821F400000000400C0004248
:10AA600078801F4068821F400000000200C0004242
:10AA700088801F4078821F4000000020526561647A
:10AA800020616E20696E70757420766F6C746167DA
:10AA900065206F6620256620560A000052656164B5
:10AAA00020612063757272656E7420647261772014
:10AAB0006F6620256620410A00000000506F776510
:10AAC0007220636F6E73756D7074696F6E20697339
:10AAD00020256620570A000005000000190000002C
:10AAE0007D00000007080C0B06050F000D0E01028B
:10AAF000838407080C0B06050F000D0E01028384EA
:10AB0000FFFFFFFFFFFFFFFFFFFF8182090A000039
:10AB10002E0000004C435F434F4C4C415445000015
:10AB20004C435F4354595045000000004C435F4D77
:10AB30004F4E4554415259004C435F4E554D45527E
:10AB4000494300004C435F54494D45004C435F4D21
:10AB5000455353414745530000010000D8110020E0
:10AB60001200000000060000801F00600A000000C4
:10AB7000000200001C1F00606200000000070000CF
:10AB8000B81E006062000000EE03000014120020F6
:10AB900012000000000004EEEC110020280000006C
:10ABA00000030000B41E006000000000010309045F
:10ABB0009C1E00600000000002030904841E006067
:10ABC0000000000003030904281200200000000018
:10ABD00000000000000000000000000030303030B5
:10ABE0003030303030303030303030303030303065
:10ABF0003030303030303030303030300000000015
:10AC000000000000F41800205C190020C419002086
:10AC10000000000000000000000000000000000034
:10AC20000000000000000000000000000000000024
:10AC30000000000000000000000000000000000014
:10AC40000000000000000000000000000000000004
:10AC500000000000000000000000000000000000F4
:10AC600000000000000000000000000000000000E4
:10AC700000000000000000000000000000000000D4
:10AC800000000000000000000000000000000000C4
:10AC900000000000000000000100000000000000B3
:10ACA0000E33CDAB34126DE6ECDE05000B00000078
:10ACB0000000000000000000000000000000000094
:10ACC0000000000000000000000000000000000084
:10ACD0000000000000000000000000000000000074
:10ACE0000000000000000000000000000000000064
:10ACF0000000000000000000000000000000000054
:10AD00000000000000000000000000000000000043
:10AD10000000000000000000000000000000000033
:10AD20000029DE07007B9A1778030020000000004E
:10AD3000E8030000000000008030202043000000F5
:10AD40000000000000000000000000000000000003
:10AD500000000000000000000000000043000000B0
:10AD600000000000000000000000000000000000E3
:10AD70000000000000000000000000004300000090
:10AD800000000000000000000000000000000000C3
:10AD90000000000000000000000000004300000070
:10ADA00000000000000000000000000000000000A3
:10ADB0000000000000000000000000004300000050
:10ADC0000000000000000000000000000000000083
:10ADD0000000000000000000000000004300000030
:10ADE0000000000000000000000000000000000063
:10ADF0000000000000000000000000004300000010
:10AE00000000000000000000000000000000000042
:10AE100000000000000000000000000055390000A4
:10AE2000D16500000000000048040020200A002036
:10AE3000C8090020C8090020C8090020C80900204E
:10AE4000C8090020C8090020C8090020C80900203E
:10AE5000C8090020FFFFFFFFFFFFFFFFFFFFFFFF0D
:10AE6000FFFF00000100415343494900000000007A
:10AE700000000000000000000000000000000000D2
:10AE80000000000000004153434949000000000059
:10AE900000000000000000000000000000000000B2
:10AEA00000000000000000000000000000000000A2
:10AEB000B80D0020B80D0020C00D0020C00D0020EE
:10AEC000C80D0020C80D0020D00D0020D00D00209E
:10AED000D80D0020D80D0020E00D0020E00D00204E
:10AEE000E80D0020E80D0020F00D0020F00D0020FE
:10AEF000F80D0020F80D0020000E0020000E0020AC
:10AF0000080E0020080E0020100E0020100E002059
:10AF1000180E0020180E0020200E0020200E002009
:10AF2000280E0020280E0020300E0020300E0020B9
:10AF3000380E0020380E0020400E0020400E002069
:10AF4000480E0020480E0020500E0020500E002019
:10AF5000580E0020580E0020600E0020600E0020C9
:10AF6000680E0020680E0020700E0020700E002079
:10AF7000780E0020780E0020800E0020800E002029
:10AF8000880E0020880E0020900E0020900E0020D9
:10AF9000980E0020980E0020A00E0020A00E002089
:10AFA000A80E0020A80E0020B00E0020B00E002039
:10AFB000B80E0020B80E0020C00E0020C00E0020E9
:10AFC000C80E0020C80E0020D00E0020D00E002099
:10AFD000D80E0020D80E0020E00E0020E00E002049
:10AFE000E80E0020E80E0020F00E0020F00E0020F9
:10AFF000F80E0020F80E0020000F0020000F0020A7
:10B00000080F0020080F0020100F0020100F002054
:10B01000180F0020180F0020200F0020200F002004
:10B02000280F0020280F0020300F0020300F0020B4
:10B03000380F0020380F0020400F0020400F002064
:10B04000480F0020480F0020500F0020500F002014
:10B05000580F0020580F0020600F0020600F0020C4
:10B06000680F0020680F0020700F0020700F002074
:10B07000780F0020780F0020800F0020800F002024
:10B08000880F0020880F0020900F0020900F0020D4
:10B09000980F0020980F0020A00F0020A00F002084
:10B0A000A80F0020A80F0020B00F0020B00F002034
:10B0B000B80F0020B80F0020C00F0020C00F0020E4
:10B0C000C80F0020C80F0020D00F0020D00F002094
:10B0D000D80F0020D80F0020E00F0020E00F002044
:10B0E000E80F0020E80F0020F00F0020F00F0020F4
:10B0F000F80F0020F80F00200010002000100020A2
:10B10000081000200810002010100020101000204F
:10B1100018100020181000202010002020100020FF
:10B1200028100020281000203010002030100020AF
:10B13000381000203810002040100020401000205F
:10B14000481000204810002050100020501000200F
:10B1500058100020581000206010002060100020BF
:10B16000681000206810002070100020701000206F
:10B17000781000207810002080100020801000201F
:10B1800088100020881000209010002090100020CF
:10B190009810002098100020A0100020A01000207F
:10B1A000A8100020A8100020B0100020B01000202F
:10B1B000B8100020B8100020C0100020C0100020DF
:10B1C000C8100020C8100020D0100020D01000208F
:10B1D000D8100020D8100020E0100020E01000203F
:10B1E000E8100020E8100020F0100020F0100020EF
:10B1F000F8100020F810002000110020001100209D
:10B20000081100200811002010110020101100204A
:10B2100018110020181100202011002020110020FA
:10B2200028110020281100203011002030110020AA
:10B23000381100203811002040110020401100205A
:10B24000481100204811002050110020501100200A
:10B2500058110020581100206011002060110020BA
:10B26000681100206811002070110020701100206A
:10B27000781100207811002080110020801100201A
:10B2800088110020881100209011002090110020CA
:10B290009811002098110020A0110020A01100207A
:10B2A000A8110020A8110020B0110020B01100202A
:10B2B000FFFFFFFF0000020000000000030000008D
:10B2C000F4180020100B002012010002EF020140D0
:10B2D000C016830480020102030100002800000060
:10B2E00000010400010000000000000002015749B5
:10B2F0004E55534200000000000000000000000016
:10B300000000000012034D005300460054003100BD
:10B3100030003000F80000000C03000000000000C6
:10B32000000000000000000000000000000000001D
:10B33000000000000000000000000000000000000D
:10B3400000000000000000000000000000000000FD
:10B3500000000000000000000000000000000000ED
:10B3600000000000000000000000000000000000DD
:10B3700000000000000000000000000000000000CD
:10B3800000000000000000000000000000000000BD
:10B3900000000000000000000000000000000000AD
:10B3A000000000000000000000000000000000009D
:10B3B000000000000000000000000000000000008D
:10B3C000000000000000000000000000000000007D
:10B3D000000000000000000000000000000000006D
:10B3E000000000000000000000000000000000005D
:10B3F000000000000000000000000000000000004D
:10B40000000000000000000000000000000000003C
:10B41000000000000000000000000000000000002C
:10B42000000000000000000000000000000000001C
:10B43000000000000000000000000000000000000C
:10B4400000000000000000000000000000000000FC
:10B4500000000000000000000000000000000000EC
:10B4600000000000000000000000000000000000DC
:10B4700000000000000000000000000000000000CC
:10B4800000000000000000000000000000000000BC
:10B4900000000000000000000000000000000000AC
:10B4A000000000000000000000000000000000009C
:10B4B000000000000000000000000000000000008C
:10B4C000000000000000000000000000000000007C
:10B4D000000000000000000000000000000000006C
:10B4E000000000000000000000000000000000005C
:10B4F000000000000000000000000000000000004C
:10B50000000000000000000000000000000000003B
:10B51000000000000000000000000000000000002B
:10B52000000000000000000000000000000000001B
:10B53000000000000000000000000000000000000B
:10B5400000000000000000000000000000000000FB
:10B5500000000000000000000000000000000000EB
:10B5600000000000000000000000000000000000DB
:10B5700000000000000000000000000000000000CB
:10B5800000000000000000000000000000000000BB
:10B5900000000000000000000000000000000000AB
:10B5A000000000000000000000000000000000009B
:10B5B000000000000000000000000000000000008B
:10B5C000000000000000000000000000000000007B
:10B5D000000000000000000000000000000000006B
:10B5E000000000000000000000000000000000005B
:10B5F000000000000000000000000000000000004B
:10B60000000000000000000000000000000000003A
:10B61000000000000000000000000000000000002A
:10B62000000000000000000000000000000000001A
:10B63000000000000000000000000000000000000A
:10B6400000000000000000000000000000000000FA
:10B6500000000000000000000000000000000000EA
:10B6600000000000000000000000000000000000DA
:10B6700000000000000000000000000000000000CA
:10B6800000000000000000000000000000000000BA
:10B6900000000000000000000000000000000000AA
:10B6A000000000000000000000000000000000009A
:10B6B000000000000000000000000000000000008A
:10B6C000000000000000000000000000000000007A
:10B6D000000000000000000000000000000000006A
:10B6E000000000000000000000000000000000005A
:10B6F000000000000000000000000000000000004A
:10B700000000000000000000000000000000000039
:10B710000000000000000000000000000000000029
:10B720000000000000000000000000000000000019
:10B730000000000000000000000000000000000009
:10B7400000000000000000000000000000000000F9
:10B7500000000000000000000000000000000000E9
:10B7600000000000000000000000000000000000D9
:10B7700000000000000000000000000000000000C9
:10B7800000000000000000000000000000000000B9
:10B7900000000000000000000000000000000000A9
:10B7A0000000000000000000000000000000000099
:10B7B000FFFFFFFFFFFFFFFFFFFFFFFFFFFFFFFF99
:10B7C000FFFFFFFFFFFFFFFFFFFFFFFFFFFFFFFF89
:10B7D000FFFFFFFFFFFFFFFFFFFFFFFFFFFFFFFF79
:10B7E000FFFFFFFFFFFFFFFFFFFFFFFFFFFFFFFF69
:10B7F000FFFFFFFFFFFFFFFFFFFFFFFFFFFFFFFF59
:10B800000000000000000000000000000000000038
:10B810000000000000000000000000000000000028
:10B820000000000000000000000000000000000018
:10B830000000000000000000000000000000000008
:10B8400000000000000000000000000000000000F8
:10B8500000000000000000000000000000000000E8
:10B8600000000000000000000000000000000000D8
:10B8700000000000000000000000000000000000C8
:10B8800000000000000000000000000000000000B8
:10B8900000000000000000000000000000000000A8
:10B8A0000000000000000000000000000000000098
:10B8B0000000000000000000000000000000000088
:10B8C0000000000000000000000000000000000078
:10B8D0000000000000000000000000000000000068
:10B8E0000000000000000000000000000000000058
:10B8F0000000000000000000000000000000000048
:10B900000000000000000000000000000000000037
:10B910000000000000000000000000000000000027
:10B920000000000000000000000000000000000017
:10B930000000000000000000000000000000000007
:10B9400000000000000000000000000000000000F7
:10B9500000000000000000000000000000000000E7
:10B9600000000000000000000000000000000000D7
:10B9700000000000000000000000000000000000C7
:10B9800000000000000000000000000000000000B7
:10B9900000000000000000000000000000000000A7
:10B9A0000000000000000000000000000000000097
:10B9B0000000000000000000000000000000000087
:10B9C0000000000000000000000000000000000077
:10B9D0000000000000000000000000000000000067
:10B9E0000000000000000000000000000000000057
:10B9F0000000000000000000000000000000000047
:10BA00000000000000000000000000000000000036
:10BA10000000000000000000000000000000000026
:10BA20000000000000000000000000000000000016
:10BA30000000000000000000000000000000000006
:10BA400000000000000000000000000000000000F6
:10BA500000000000000000000000000000000000E6
:10BA600000000000000000000000000000000000D6
:10BA700000000000000000000000000000000000C6
:10BA800000000000000000000000000000000000B6
:10BA900000000000000000000000000000000000A6
:10BAA0000000000000000000000000000000000096
:10BAB0000000000000000000000000000000000086
:10BAC0000000000000000000000000000000000076
:10BAD0000000000000000000000000000000000066
:10BAE0000000000000000000000000000000000056
:10BAF0000000000000000000000000000000000046
:10BB00000000000000000000000000000000000035
:10BB10000000000000000000000000000000000025
:10BB20000000000000000000000000000000000015
:10BB30000000000000000000000000000000000005
:10BB400000000000000000000000000000000000F5
:10BB500000000000000000000000000000000000E5
:10BB600000000000000000000000000000000000D5
:10BB700000000000000000000000000000000000C5
:10BB800000000000000000000000000000000000B5
:10BB900000000000000000000000000000000000A5
:10BBA0000000000000000000000000000000000095
:10BBB0000000000000000000000000000000000085
:10BBC0000000000000000000000000000000000075
:10BBD0000000000000000000000000000000000065
:10BBE0000000000000000000000000000000000055
:10BBF0000000000000000000000000000000000045
:10BC00000000000000000000000000000000000034
:10BC10000000000000000000000000000000000024
:10BC20000000000000000000000000000000000014
:10BC30000000000000000000000000000000000004
:10BC400000000000000000000000000000000000F4
:10BC500000000000000000000000000000000000E4
:10BC600000000000000000000000000000000000D4
:10BC700000000000000000000000000000000000C4
:10BC800000000000000000000000000000000000B4
:10BC900000000000000000000000000000000000A4
:10BCA0000000000000000000000000000000000094
:10BCB0000000000000000000000000000000000084
:10BCC0000000000000000000000000000000000074
:10BCD0000000000000000000000000000000000064
:10BCE0000000000000000000000000000000000054
:10BCF0000000000000000000000000000000000044
:10BD00000000000000000000000000000000000033
:10BD10000000000000000000000000000000000023
:10BD20000000000000000000000000000000000013
:10BD30000000000000000000000000000000000003
:10BD400000000000000000000000000000000000F3
:10BD500000000000000000000000000000000000E3
:10BD600000000000000000000000000000000000D3
:10BD700000000000000000000000000000000000C3
:10BD800000000000000000000000000000000000B3
:10BD900000000000000000000000000000000000A3
:10BDA0000000000000000000000000000000000093
:10BDB0000000000000000000000000000000000083
:10BDC0000000000000000000000000000000000073
:10BDD0000000000000000000000000000000000063
:10BDE0000000000000000000000000000000000053
:10BDF0000000000000000000000000000000000043
:10BE00000000000000000000000000000000000032
:10BE10000000000000000000000000000000000022
:10BE20000000000000000000000000000000000012
:10BE30000000000000000000000000000000000002
:10BE400000000000000000000000000000000000F2
:10BE500000000000000000000000000000000000E2
:10BE600000000000000000000000000000000000D2
:10BE700000000000000000000000000000000000C2
:10BE800000000000000000000000000000000000B2
:10BE900000000000000000000000000000000000A2
:10BEA0000000000000000000000000000000000092
:10BEB0000000000000000000000000000000000082
:10BEC0000000000000000000000000000000000072
:10BED0000000000000000000000000000000000062
:10BEE0000000000000000000000000000000000052
:10BEF0000000000000000000000000000000000042
:10BF00000000000000000000000000000000000031
:10BF10000000000000000000000000000000000021
:10BF20000000000000000000000000000000000011
:10BF30000000000000000000000000000000000001
:10BF400000000000000000000000000000000000F1
:10BF500000000000000000000000000000000000E1
:10BF600000000000000000000000000000000000D1
:10BF700000000000000000000000000000000000C1
:10BF800000000000000000000000000000000000B1
:10BF900000000000000000000000000000000000A1
:10BFA0000000000000000000000000000000000091
:10BFB0000000000000000000000000000000000081
:10BFC0000000000000000000000000000000000071
:10BFD0000000000000000000000000000000000061
:10BFE0000000000000000000000000000000000051
:10BFF0000000000000000000000000000000000041
:10C000000000000000000000000000000000000030
:10C010000000000000000000000000000000000020
:10C020000000000000000000000000000000000010
:10C030000000000000000000000000000000000000
:10C0400000000000000000000000000000000000F0
:10C0500000000000000000000000000000000000E0
:10C0600000000000000000000000000000000000D0
:10C0700000000000000000000000000000000000C0
:10C0800000000000000000000000000000000000B0
:10C0900000000000000000000000000000000000A0
:10C0A0000000000000000000000000000000000090
:10C0B0000000000000000000000000000000000080
:10C0C0000000000000000000000000000000000070
:10C0D0000000000000000000000000000000000060
:10C0E0000000000000000000000000000000000050
:10C0F0000000000000000000000000000000000040
:10C10000000000000000000000000000000000002F
:10C11000000000000000000000000000000000001F
:10C12000000000000000000000000000000000000F
:10C1300000000000000000000000000000000000FF
:10C1400000000000000000000000000000000000EF
:10C1500000000000000000000000000000000000DF
:10C1600000000000000000000000000000000000CF
:10C1700000000000000000000000000000000000BF
:10C1800000000000000000000000000000000000AF
:10C19000000000000000000000000000000000009F
:10C1A000000000000000000000000000000000008F
:10C1B000000000000000000000000000000000007F
:10C1C000000000000000000000000000000000006F
:10C1D000000000000000000000000000000000005F
:10C1E000000000000000000000000000000000004F
:10C1F000000000000000000000000000000000003F
:10C20000000000000000000000000000000000002E
:10C21000000000000000000000000000000000001E
:10C22000000000000000000000000000000000000E
:10C2300000000000000000000000000000000000FE
:10C2400000000000000000000000000000000000EE
:10C2500000000000000000000000000000000000DE
:10C2600000000000000000000000000000000000CE
:10C2700000000000000000000000000000000000BE
:10C2800000000000000000000000000000000000AE
:10C29000000000000000000000000000000000009E
:10C2A000000000000000000000000000000000008E
:10C2B000000000000000000000000000000000007E
:10C2C000000000000000000000000000000000006E
:10C2D000000000000000000000000000000000005E
:10C2E000000000000000000000000000000000004E
:10C2F000000000000000000000000000000000003E
:10C30000000000000000000000000000000000002D
:10C31000000000000000000000000000000000001D
:10C32000000000000000000000000000000000000D
:10C3300000000000000000000000000000000000FD
:10C3400000000000000000000000000000000000ED
:10C3500000000000000000000000000000000000DD
:10C3600000000000000000000000000000000000CD
:10C3700000000000000000000000000000000000BD
:10C3800000000000000000000000000000000000AD
:10C39000000000000000000000000000000000009D
:10C3A000000000000000000000000000000000008D
:10C3B000000000000000000000000000000000007D
:10C3C000000000000000000000000000000000006D
:10C3D000000000000000000000000000000000005D
:10C3E000000000000000000000000000000000004D
:10C3F000000000000000000000000000000000003D
:040000056000100087
:00000001FF
